element,Z,response,energy_MeV,b,c,a,Xk,d
Be,4,EBF,0.015000,2.527000,0.957000,0.023000,12.010000,-0.021600
Be,4,EBF,0.020000,3.834000,1.517000,-0.089000,16.270000,0.030000
Be,4,EBF,0.030000,6.543000,2.464000,-0.204000,14.710000,0.077400
Be,4,EBF,0.040000,8.672000,3.150000,-0.260000,14.200000,0.106800
Be,4,EBF,0.050000,9.770000,3.613000,-0.292000,14.020000,0.123800
Be,4,EBF,0.060000,9.823000,3.916000,-0.311000,13.930000,0.133400
Be,4,EBF,0.080000,8.582000,4.200000,-0.328000,14.010000,0.139800
Be,4,EBF,0.100000,7.303000,4.252000,-0.333000,14.110000,0.140600
Be,4,EBF,0.150000,4.983000,4.136000,-0.331000,14.430000,0.139100
Be,4,EBF,0.200000,4.396000,3.877000,-0.323000,14.440000,0.142500
Be,4,EBF,0.300000,3.448000,3.442000,-0.304000,14.200000,0.142200
Be,4,EBF,0.400000,3.218000,3.046000,-0.280000,14.180000,0.137000
Be,4,EBF,0.500000,2.793000,2.934000,-0.281000,13.440000,0.149400
Be,4,EBF,0.600000,2.654000,2.672000,-0.261000,13.200000,0.143500
Be,4,EBF,0.800000,2.505000,2.225000,-0.215000,13.240000,0.121100
Be,4,EBF,1.000000,2.330000,1.997000,-0.190000,12.980000,0.111500
Be,4,EBF,1.500000,2.150000,1.549000,-0.122000,13.000000,0.075700
Be,4,EBF,2.000000,2.061000,1.284000,-0.069000,13.260000,0.043400
Be,4,EBF,3.000000,1.863000,1.087000,-0.024000,13.060000,0.016800
Be,4,EBF,4.000000,1.740000,0.986000,0.002000,9.420000,0.002200
Be,4,EBF,5.000000,1.641000,0.932000,0.017000,17.210000,-0.008500
Be,4,EBF,6.000000,1.584000,0.886000,0.031000,14.510000,-0.015900
Be,4,EBF,8.000000,1.480000,0.851000,0.041000,14.630000,-0.020700
Be,4,EBF,10.000000,1.437000,0.772000,0.071000,14.240000,-0.046900
Be,4,EBF,15.000000,1.306000,0.802000,0.057000,12.340000,-0.024700
Be,4,EABF,0.015000,2.597000,0.964000,0.020000,12.810000,-0.019500
Be,4,EABF,0.020000,3.819000,1.501000,-0.086000,16.200000,0.027400
Be,4,EABF,0.030000,5.682000,2.348000,-0.190000,14.960000,0.067400
Be,4,EABF,0.040000,5.706000,2.771000,-0.222000,14.910000,0.077100
Be,4,EABF,0.050000,5.186000,2.923000,-0.229000,15.430000,0.074700
Be,4,EABF,0.060000,4.750000,2.950000,-0.227000,16.030000,0.068900
Be,4,EABF,0.080000,4.196000,2.877000,-0.217000,17.740000,0.059600
Be,4,EABF,0.100000,3.842000,2.783000,-0.210000,19.630000,0.063000
Be,4,EABF,0.150000,3.212000,2.600000,-0.199000,19.350000,0.058200
Be,4,EABF,0.200000,3.098000,2.416000,-0.189000,17.560000,0.057300
Be,4,EABF,0.300000,2.722000,2.183000,-0.175000,15.880000,0.059200
Be,4,EABF,0.400000,2.519000,2.060000,-0.168000,15.380000,0.064000
Be,4,EABF,0.500000,2.395000,1.912000,-0.154000,14.750000,0.060500
Be,4,EABF,0.600000,2.287000,1.810000,-0.144000,14.460000,0.061900
Be,4,EABF,0.800000,2.159000,1.632000,-0.121000,13.990000,0.052800
Be,4,EABF,1.000000,2.081000,1.491000,-0.099000,14.060000,0.043900
Be,4,EABF,1.500000,1.933000,1.296000,-0.065000,13.590000,0.029100
Be,4,EABF,2.000000,1.837000,1.182000,-0.042000,13.810000,0.019300
Be,4,EABF,3.000000,1.712000,1.060000,-0.015000,13.200000,0.007300
Be,4,EABF,4.000000,1.639000,0.978000,0.006000,13.800000,-0.003900
Be,4,EABF,5.000000,1.575000,0.941000,0.015000,13.970000,-0.007100
Be,4,EABF,6.000000,1.535000,0.897000,0.028000,13.940000,-0.014300
Be,4,EABF,8.000000,1.455000,0.869000,0.036000,10.770000,-0.014000
Be,4,EABF,10.000000,1.405000,0.842000,0.044000,13.440000,-0.021800
Be,4,EABF,15.000000,1.313000,0.818000,0.051000,13.600000,-0.025600
B,5,EBF,0.015000,1.728000,0.683000,0.095000,15.020000,-0.046000
B,5,EBF,0.020000,2.629000,0.959000,0.021000,13.740000,-0.017900
B,5,EBF,0.030000,4.699000,1.665000,-0.117000,14.480000,0.049700
B,5,EBF,0.040000,6.906000,2.243000,-0.184000,14.610000,0.078800
B,5,EBF,0.050000,8.247000,2.657000,-0.223000,14.470000,0.097200
B,5,EBF,0.060000,8.580000,2.947000,-0.247000,14.360000,0.108000
B,5,EBF,0.080000,8.089000,3.170000,-0.262000,14.660000,0.111900
B,5,EBF,0.100000,8.262000,2.951000,-0.238000,16.050000,0.095600
B,5,EBF,0.150000,5.943000,3.081000,-0.256000,15.380000,0.105700
B,5,EBF,0.200000,3.927000,3.222000,-0.279000,14.140000,0.122500
B,5,EBF,0.300000,3.156000,2.928000,-0.265000,13.980000,0.127000
B,5,EBF,0.400000,2.862000,2.630000,-0.245000,12.580000,0.110900
B,5,EBF,0.500000,2.679000,2.375000,-0.222000,12.680000,0.104300
B,5,EBF,0.600000,2.547000,2.161000,-0.198000,13.690000,0.102000
B,5,EBF,0.800000,2.359000,1.894000,-0.167000,13.380000,0.087600
B,5,EBF,1.000000,2.258000,1.674000,-0.135000,13.530000,0.071800
B,5,EBF,1.500000,2.075000,1.372000,-0.083000,13.780000,0.047000
B,5,EBF,2.000000,1.955000,1.213000,-0.050000,14.440000,0.027800
B,5,EBF,3.000000,1.785000,1.069000,-0.018000,12.740000,0.010600
B,5,EBF,4.000000,1.684000,0.978000,0.006000,17.120000,-0.004500
B,5,EBF,5.000000,1.599000,0.933000,0.018000,14.950000,-0.009900
B,5,EBF,6.000000,1.541000,0.904000,0.026000,14.920000,-0.014200
B,5,EBF,8.000000,1.447000,0.873000,0.035000,14.160000,-0.020000
B,5,EBF,10.000000,1.383000,0.853000,0.041000,13.430000,-0.017900
B,5,EBF,15.000000,1.286000,0.830000,0.048000,14.000000,-0.024300
B,5,EABF,0.015000,1.752000,0.678000,0.097000,15.020000,-0.047300
B,5,EABF,0.020000,2.694000,0.953000,0.023000,15.100000,-0.024200
B,5,EABF,0.030000,4.721000,1.627000,-0.110000,14.850000,0.044900
B,5,EABF,0.040000,5.549000,2.219000,-0.182000,14.330000,0.077800
B,5,EABF,0.050000,5.727000,2.489000,-0.204000,14.750000,0.083700
B,5,EABF,0.060000,5.340000,2.667000,-0.218000,14.840000,0.087800
B,5,EABF,0.080000,4.566000,2.791000,-0.226000,14.990000,0.086000
B,5,EABF,0.100000,4.037000,2.781000,-0.224000,15.380000,0.081800
B,5,EABF,0.150000,3.648000,2.431000,-0.189000,17.160000,0.054300
B,5,EABF,0.200000,3.253000,2.328000,-0.183000,17.940000,0.062900
B,5,EABF,0.300000,2.723000,2.212000,-0.183000,15.150000,0.071400
B,5,EABF,0.400000,2.533000,2.027000,-0.167000,14.340000,0.065300
B,5,EABF,0.500000,2.430000,1.860000,-0.148000,14.530000,0.060700
B,5,EABF,0.600000,2.358000,1.720000,-0.129000,14.730000,0.051000
B,5,EABF,0.800000,2.186000,1.588000,-0.113000,14.150000,0.048500
B,5,EABF,1.000000,2.086000,1.475000,-0.096000,13.960000,0.041900
B,5,EABF,1.500000,1.935000,1.285000,-0.062000,14.350000,0.027900
B,5,EABF,2.000000,1.833000,1.183000,-0.042000,14.130000,0.019200
B,5,EABF,3.000000,1.715000,1.054000,-0.013000,12.910000,0.005400
B,5,EABF,4.000000,1.630000,0.986000,0.004000,14.960000,-0.003500
B,5,EABF,5.000000,1.571000,0.938000,0.017000,13.830000,-0.010000
B,5,EABF,6.000000,1.525000,0.903000,0.027000,13.170000,-0.014400
B,5,EABF,8.000000,1.451000,0.856000,0.043000,11.150000,-0.023000
B,5,EABF,10.000000,1.389000,0.856000,0.040000,14.510000,-0.020800
B,5,EABF,15.000000,1.295000,0.834000,0.047000,14.050000,-0.026500
C,6,EBF,0.015000,1.386000,0.539000,0.146000,14.310000,0.000000
C,6,EBF,0.020000,1.877000,0.732000,0.079000,16.570000,0.000000
C,6,EBF,0.030000,3.511000,1.153000,-0.027000,12.820000,0.008700
C,6,EBF,0.040000,5.260000,1.745000,0.000000,13.910000,0.057100
C,6,EBF,0.050000,6.706000,2.108000,0.000000,14.340000,0.073500
C,6,EBF,0.060000,7.209000,2.383000,-0.198000,14.530000,0.087800
C,6,EBF,0.080000,6.765000,2.691000,0.000000,14.440000,0.099800
C,6,EBF,0.100000,5.890000,2.824000,0.000000,14.400000,0.104600
C,6,EBF,0.150000,4.381000,2.866000,0.000000,14.140000,0.106700
C,6,EBF,0.200000,3.750000,2.698000,0.000000,15.080000,0.106000
C,6,EBF,0.300000,3.147000,2.413000,0.000000,14.410000,0.094400
C,6,EBF,0.400000,2.843000,2.197000,0.000000,13.470000,0.080500
C,6,EBF,0.500000,2.657000,2.011000,0.000000,14.190000,0.079500
C,6,EBF,0.600000,2.543000,1.851000,0.000000,13.600000,0.061000
C,6,EBF,0.800000,2.312000,1.691000,0.000000,13.800000,0.064300
C,6,EBF,1.000000,2.192000,1.544000,-0.110000,13.780000,0.053300
C,6,EBF,1.500000,2.011000,1.311000,0.000000,13.690000,0.033200
C,6,EBF,2.000000,1.898000,1.192000,0.000000,13.990000,0.020600
C,6,EBF,3.000000,1.752000,1.058000,0.000000,11.980000,0.006000
C,6,EBF,4.000000,1.653000,0.986000,0.004000,25.640000,0.000000
C,6,EBF,5.000000,1.575000,0.939000,0.017000,14.500000,0.000000
C,6,EBF,6.000000,1.525000,0.908000,0.026000,14.360000,0.000000
C,6,EBF,8.000000,1.440000,0.868000,0.038000,17.080000,-0.035100
C,6,EBF,10.000000,1.373000,0.855000,0.042000,12.350000,0.000000
C,6,EBF,15.000000,1.276000,0.841000,0.046000,15.270000,0.000000
C,6,EABF,0.015000,1.398000,0.526000,0.153000,14.420000,0.000000
C,6,EABF,0.020000,1.900000,0.739000,0.076000,16.460000,0.000000
C,6,EABF,0.030000,3.725000,1.153000,0.000000,12.570000,0.008500
C,6,EABF,0.040000,5.068000,1.735000,0.000000,14.100000,0.055400
C,6,EABF,0.050000,5.594000,2.066000,0.000000,14.480000,0.069200
C,6,EABF,0.060000,5.424000,2.287000,0.000000,14.660000,0.079000
C,6,EABF,0.080000,4.862000,2.488000,0.000000,14.810000,0.083200
C,6,EABF,0.100000,4.305000,2.548000,0.000000,14.880000,0.083400
C,6,EABF,0.150000,3.523000,2.491000,0.000000,14.960000,0.079600
C,6,EABF,0.200000,3.173000,2.365000,0.000000,14.770000,0.075700
C,6,EABF,0.300000,2.797000,2.129000,0.000000,14.960000,0.069400
C,6,EABF,0.400000,2.629000,1.925000,0.000000,14.840000,0.063100
C,6,EABF,0.500000,2.456000,1.801000,0.000000,16.050000,0.061800
C,6,EABF,0.600000,2.399000,1.663000,0.000000,14.980000,0.045700
C,6,EABF,0.800000,2.198000,1.563000,0.000000,14.090000,0.046100
C,6,EABF,1.000000,2.087000,1.461000,0.000000,14.200000,0.040600
C,6,EABF,1.500000,1.941000,1.275000,0.000000,14.290000,0.026600
C,6,EABF,2.000000,1.843000,1.167000,0.000000,14.530000,0.014300
C,6,EABF,3.000000,1.715000,1.050000,0.000000,14.520000,0.002700
C,6,EABF,4.000000,1.626000,0.990000,0.003000,12.820000,0.000000
C,6,EABF,5.000000,1.564000,0.947000,0.014000,15.050000,0.000000
C,6,EABF,6.000000,1.519000,0.900000,0.030000,12.350000,0.000000
C,6,EABF,8.000000,1.430000,0.884000,0.033000,12.110000,0.000000
C,6,EABF,10.000000,1.378000,0.859000,0.040000,14.320000,0.000000
C,6,EABF,15.000000,1.283000,0.838000,0.047000,15.910000,0.000000
N,7,EBF,0.015000,1.234000,0.475000,0.171000,14.270000,-0.085800
N,7,EBF,0.020000,1.543000,0.586000,0.130000,15.000000,-0.063200
N,7,EBF,0.030000,2.621000,0.842000,0.053000,15.710000,-0.039800
N,7,EBF,0.040000,3.945000,1.279000,-0.053000,13.580000,0.019100
N,7,EBF,0.050000,5.039000,1.640000,-0.113000,13.850000,0.048900
N,7,EBF,0.060000,5.510000,1.937000,-0.154000,13.680000,0.071400
N,7,EBF,0.080000,5.432000,2.283000,-0.194000,13.300000,0.089200
N,7,EBF,0.100000,5.208000,2.311000,-0.191000,14.390000,0.082500
N,7,EBF,0.150000,3.970000,2.453000,-0.209000,14.110000,0.094300
N,7,EBF,0.200000,3.395000,2.408000,-0.208000,13.320000,0.089100
N,7,EBF,0.300000,2.962000,2.142000,-0.180000,14.060000,0.075500
N,7,EBF,0.400000,2.700000,1.976000,-0.163000,14.050000,0.069000
N,7,EBF,0.500000,2.538000,1.835000,-0.146000,14.130000,0.061200
N,7,EBF,0.600000,2.406000,1.737000,-0.134000,14.110000,0.057200
N,7,EBF,0.800000,2.241000,1.580000,-0.112000,14.030000,0.048400
N,7,EBF,1.000000,2.123000,1.474000,-0.096000,13.970000,0.042600
N,7,EBF,1.500000,1.968000,1.270000,-0.058000,14.810000,0.024600
N,7,EBF,2.000000,1.858000,1.176000,-0.040000,13.950000,0.017500
N,7,EBF,3.000000,1.718000,1.061000,-0.014000,13.950000,0.004700
N,7,EBF,4.000000,1.631000,0.989000,0.004000,15.650000,-0.004400
N,7,EBF,5.000000,1.562000,0.940000,0.018000,13.580000,-0.012800
N,7,EBF,6.000000,1.517000,0.901000,0.030000,12.460000,-0.018600
N,7,EBF,8.000000,1.423000,0.887000,0.033000,11.670000,-0.015900
N,7,EBF,10.000000,1.361000,0.873000,0.037000,14.210000,-0.022100
N,7,EBF,15.000000,1.271000,0.841000,0.048000,15.040000,-0.033900
N,7,EABF,0.015000,1.236000,0.485000,0.163000,14.570000,-0.078400
N,7,EABF,0.020000,1.559000,0.578000,0.134000,14.900000,-0.066100
N,7,EABF,0.030000,2.712000,0.843000,0.052000,16.050000,-0.037300
N,7,EABF,0.040000,3.984000,1.272000,-0.051000,13.800000,0.017000
N,7,EABF,0.050000,4.894000,1.630000,-0.111000,13.960000,0.047300
N,7,EABF,0.060000,5.144000,1.919000,-0.151000,13.770000,0.068900
N,7,EABF,0.080000,4.913000,2.225000,-0.186000,13.430000,0.082400
N,7,EABF,0.100000,4.661000,2.248000,-0.183000,14.480000,0.077000
N,7,EABF,0.150000,3.749000,2.299000,-0.189000,14.410000,0.076400
N,7,EABF,0.200000,3.365000,2.195000,-0.179000,14.800000,0.076100
N,7,EABF,0.300000,2.841000,2.056000,-0.168000,14.210000,0.066800
N,7,EABF,0.400000,2.620000,1.898000,-0.151000,14.210000,0.060200
N,7,EABF,0.500000,2.462000,1.785000,-0.138000,14.120000,0.055500
N,7,EABF,0.600000,2.363000,1.680000,-0.124000,14.240000,0.049900
N,7,EABF,0.800000,2.202000,1.544000,-0.105000,14.200000,0.043400
N,7,EABF,1.000000,2.108000,1.429000,-0.086000,14.720000,0.035500
N,7,EABF,1.500000,1.931000,1.277000,-0.060000,14.380000,0.026100
N,7,EABF,2.000000,1.835000,1.176000,-0.040000,13.950000,0.017200
N,7,EABF,3.000000,1.708000,1.057000,-0.013000,12.500000,0.004200
N,7,EABF,4.000000,1.629000,0.980000,0.007000,14.320000,-0.007000
N,7,EABF,5.000000,1.567000,0.931000,0.021000,13.510000,-0.014800
N,7,EABF,6.000000,1.495000,0.935000,0.018000,17.140000,-0.015600
N,7,EABF,8.000000,1.430000,0.869000,0.040000,12.040000,-0.023700
N,7,EABF,10.000000,1.364000,0.870000,0.038000,14.330000,-0.022300
N,7,EABF,15.000000,1.272000,0.839000,0.049000,15.000000,-0.035500
O,8,EBF,0.015000,1.153000,0.432000,0.189000,14.490000,-0.096500
O,8,EBF,0.020000,1.355000,0.505000,0.162000,14.650000,-0.082500
O,8,EBF,0.030000,2.054000,0.718000,0.086000,16.370000,-0.045600
O,8,EBF,0.040000,3.137000,0.990000,0.012000,13.450000,-0.013400
O,8,EBF,0.050000,4.063000,1.305000,-0.056000,13.540000,0.018400
O,8,EBF,0.060000,4.610000,1.562000,0.000000,1.000000,0.000000
O,8,EBF,0.080000,4.783000,1.887000,-0.146000,13.730000,0.064300
O,8,EBF,0.100000,4.492000,2.043000,-0.164000,13.850000,0.071800
O,8,EBF,0.150000,3.877000,2.069000,-0.163000,14.480000,0.063700
O,8,EBF,0.200000,3.320000,2.090000,-0.169000,14.030000,0.067800
O,8,EBF,0.300000,2.870000,1.948000,-0.154000,14.200000,0.059500
O,8,EBF,0.400000,2.629000,1.828000,-0.141000,14.190000,0.054600
O,8,EBF,0.500000,2.475000,1.723000,-0.128000,14.200000,0.048800
O,8,EBF,0.600000,2.362000,1.635000,-0.116000,14.320000,0.043900
O,8,EBF,0.800000,2.185000,1.532000,-0.103000,14.240000,0.042700
O,8,EBF,1.000000,2.098000,1.418000,-0.084000,14.350000,0.033300
O,8,EBF,1.500000,1.929000,1.265000,-0.057000,14.450000,0.023500
O,8,EBF,2.000000,1.837000,1.164000,-0.036000,15.400000,0.013700
O,8,EBF,3.000000,1.711000,1.052000,-0.011000,12.880000,0.002000
O,8,EBF,4.000000,1.624000,0.990000,0.004000,20.490000,-0.007000
O,8,EBF,5.000000,1.553000,0.947000,0.016000,14.420000,-0.011100
O,8,EBF,6.000000,1.505000,0.917000,0.025000,15.640000,-0.022900
O,8,EBF,8.000000,1.417000,0.891000,0.033000,12.300000,-0.019400
O,8,EBF,10.000000,1.358000,0.872000,0.039000,13.990000,-0.025200
O,8,EBF,15.000000,1.265000,0.842000,0.050000,15.030000,-0.038700
O,8,EABF,0.015000,1.154000,0.425000,0.198000,13.150000,-0.103600
O,8,EABF,0.020000,1.361000,0.502000,0.164000,14.470000,-0.084500
O,8,EABF,0.030000,2.173000,0.657000,0.116000,11.540000,-0.046700
O,8,EABF,0.040000,3.219000,0.990000,0.012000,13.230000,-0.013300
O,8,EABF,0.050000,4.168000,1.313000,-0.058000,13.410000,0.020400
O,8,EABF,0.060000,4.739000,1.577000,-0.103000,13.670000,0.043600
O,8,EABF,0.080000,4.943000,1.912000,-0.150000,13.710000,0.067400
O,8,EABF,0.100000,4.628000,2.082000,-0.170000,13.710000,0.077000
O,8,EABF,0.150000,3.921000,2.118000,-0.170000,14.400000,0.069100
O,8,EABF,0.200000,3.365000,2.126000,-0.174000,13.980000,0.071400
O,8,EABF,0.300000,2.901000,1.974000,-0.158000,14.100000,0.062300
O,8,EABF,0.400000,2.650000,1.846000,-0.144000,14.090000,0.056900
O,8,EABF,0.500000,2.479000,1.746000,-0.132000,14.280000,0.052600
O,8,EABF,0.600000,2.367000,1.656000,-0.120000,14.310000,0.047600
O,8,EABF,0.800000,2.214000,1.519000,-0.100000,14.380000,0.039600
O,8,EABF,1.000000,2.104000,1.427000,-0.086000,14.200000,0.034700
O,8,EABF,1.500000,1.943000,1.261000,-0.056000,14.310000,0.022300
O,8,EABF,2.000000,1.839000,1.167000,-0.037000,14.620000,0.014400
O,8,EABF,3.000000,1.710000,1.052000,-0.011000,14.360000,0.001800
O,8,EABF,4.000000,1.621000,0.986000,0.006000,12.970000,-0.007000
O,8,EABF,5.000000,1.556000,0.942000,0.018000,13.280000,-0.012800
O,8,EABF,6.000000,1.506000,0.906000,0.029000,15.080000,-0.025900
O,8,EABF,8.000000,1.411000,0.896000,0.031000,12.330000,-0.016600
O,8,EABF,10.000000,1.356000,0.867000,0.041000,13.900000,-0.027300
O,8,EABF,15.000000,1.259000,0.848000,0.048000,14.750000,-0.036500
Na,11,EBF,0.015000,1.052000,0.379000,0.223000,11.690000,-0.114600
Na,11,EBF,0.020000,1.122000,0.398000,0.212000,13.540000,-0.114000
Na,11,EBF,0.030000,1.388000,0.480000,0.176000,4.600000,-0.092100
Na,11,EBF,0.040000,1.779000,0.662000,0.099000,16.410000,0.000000
Na,11,EBF,0.050000,2.394000,0.740000,0.087000,14.310000,0.000000
Na,11,EBF,0.060000,2.836000,0.910000,0.038000,13.270000,0.000000
Na,11,EBF,0.080000,3.300000,1.183000,0.000000,13.570000,0.000000
Na,11,EBF,0.100000,3.388000,1.368000,0.000000,14.350000,0.011500
Na,11,EBF,0.150000,3.190000,1.575000,0.000000,14.710000,0.026000
Na,11,EBF,0.200000,2.968000,1.627000,0.000000,14.630000,0.028100
Na,11,EBF,0.300000,2.658000,1.633000,0.000000,14.120000,0.027900
Na,11,EBF,0.400000,2.481000,1.587000,-0.101000,15.090000,0.028500
Na,11,EBF,0.500000,2.350000,1.548000,0.000000,14.860000,0.030700
Na,11,EBF,0.600000,2.253000,1.498000,0.000000,15.420000,0.026400
Na,11,EBF,0.800000,2.117000,1.421000,0.000000,15.180000,0.025000
Na,11,EBF,1.000000,2.023000,1.356000,0.000000,15.700000,0.023400
Na,11,EBF,1.500000,1.879000,1.234000,0.000000,15.210000,0.016800
Na,11,EBF,2.000000,1.795000,1.154000,0.000000,14.430000,0.012200
Na,11,EBF,3.000000,1.684000,1.056000,0.000000,10.470000,0.000900
Na,11,EBF,4.000000,1.606000,0.992000,0.006000,12.860000,0.000000
Na,11,EBF,5.000000,1.536000,0.956000,0.016000,15.200000,0.000000
Na,11,EBF,6.000000,1.494000,0.914000,0.031000,11.380000,0.000000
Na,11,EBF,8.000000,1.406000,0.902000,0.033000,13.530000,0.000000
Na,11,EBF,10.000000,1.347000,0.876000,0.043000,13.190000,0.000000
Na,11,EBF,15.000000,1.263000,0.823000,0.064000,14.350000,0.000000
Na,11,EABF,0.015000,1.051000,0.409000,0.197000,11.440000,0.000000
Na,11,EABF,0.020000,1.121000,0.410000,0.202000,14.550000,0.000000
Na,11,EABF,0.030000,1.401000,0.472000,0.180000,14.690000,0.000000
Na,11,EABF,0.040000,1.849000,0.629000,0.114000,16.170000,0.000000
Na,11,EABF,0.050000,2.535000,0.737000,0.088000,14.980000,0.000000
Na,11,EABF,0.060000,3.171000,0.922000,0.033000,14.390000,0.000000
Na,11,EABF,0.080000,4.169000,1.220000,0.000000,11.660000,0.006500
Na,11,EABF,0.100000,4.509000,1.444000,-0.079000,13.360000,0.026000
Na,11,EABF,0.150000,4.045000,1.730000,0.000000,13.530000,0.049100
Na,11,EABF,0.200000,3.614000,1.784000,0.000000,13.780000,0.050300
Na,11,EABF,0.300000,3.024000,1.769000,0.000000,13.870000,0.047800
Na,11,EABF,0.400000,2.721000,1.702000,0.000000,14.150000,0.044000
Na,11,EABF,0.500000,2.538000,1.635000,0.000000,14.250000,0.041000
Na,11,EABF,0.600000,2.402000,1.569000,0.000000,14.560000,0.036600
Na,11,EABF,0.800000,2.227000,1.469000,0.000000,14.860000,0.032700
Na,11,EABF,1.000000,2.112000,1.387000,0.000000,14.850000,0.028200
Na,11,EABF,1.500000,1.936000,1.253000,0.000000,14.280000,0.020500
Na,11,EABF,2.000000,1.845000,1.154000,0.000000,14.750000,0.012500
Na,11,EABF,3.000000,1.706000,1.050000,0.000000,10.630000,0.000000
Na,11,EABF,4.000000,1.614000,0.983000,0.009000,13.160000,0.000000
Na,11,EABF,5.000000,1.542000,0.946000,0.019000,12.670000,0.000000
Na,11,EABF,6.000000,1.479000,0.929000,0.024000,15.970000,0.000000
Na,11,EABF,8.000000,1.388000,0.903000,0.033000,12.280000,0.000000
Na,11,EABF,10.000000,1.324000,0.894000,0.036000,13.930000,0.000000
Na,11,EABF,15.000000,1.225000,0.892000,0.038000,14.720000,0.000000
Mg,12,EBF,0.015000,1.037000,0.401000,0.211000,13.330000,-0.133200
Mg,12,EBF,0.020000,1.085000,0.439000,0.178000,14.340000,-0.091000
Mg,12,EBF,0.030000,1.288000,0.449000,0.189000,14.380000,-0.102000
Mg,12,EBF,0.040000,1.617000,0.557000,0.143000,15.170000,-0.075700
Mg,12,EBF,0.050000,2.099000,0.633000,0.125000,14.150000,-0.065700
Mg,12,EBF,0.060000,2.467000,0.794000,0.071000,14.910000,-0.056300
Mg,12,EBF,0.080000,2.950000,1.039000,0.005000,13.700000,-0.020100
Mg,12,EBF,0.100000,3.102000,1.229000,-0.035000,12.290000,-0.003700
Mg,12,EBF,0.150000,3.032000,1.454000,-0.075000,15.080000,0.013800
Mg,12,EBF,0.200000,2.856000,1.537000,-0.088000,15.990000,0.020000
Mg,12,EBF,0.300000,2.599000,1.564000,-0.094000,15.960000,0.022800
Mg,12,EBF,0.400000,2.437000,1.541000,-0.093000,15.450000,0.023600
Mg,12,EBF,0.500000,2.315000,1.505000,-0.089000,16.000000,0.023600
Mg,12,EBF,0.600000,2.221000,1.473000,-0.086000,15.280000,0.024600
Mg,12,EBF,0.800000,2.100000,1.401000,-0.076000,15.640000,0.023300
Mg,12,EBF,1.000000,2.004000,1.350000,-0.069000,15.690000,0.023500
Mg,12,EBF,1.500000,1.867000,1.233000,-0.049000,14.520000,0.016800
Mg,12,EBF,2.000000,1.787000,1.155000,-0.033000,16.110000,0.010800
Mg,12,EBF,3.000000,1.674000,1.064000,0.013000,16.490000,-0.002200
Mg,12,EBF,4.000000,1.598000,0.997000,0.005000,13.020000,-0.009100
Mg,12,EBF,5.000000,1.538000,0.941000,0.024000,10.170000,-0.021600
Mg,12,EBF,6.000000,1.484000,0.934000,0.024000,12.010000,-0.019200
Mg,12,EBF,8.000000,1.405000,0.902000,0.034000,13.850000,-0.028500
Mg,12,EBF,10.000000,1.342000,0.886000,0.041000,13.090000,-0.033200
Mg,12,EBF,15.000000,1.253000,0.847000,0.057000,14.240000,-0.051100
Mg,12,EABF,0.015000,1.037000,0.401000,0.211000,13.330000,0.000000
Mg,12,EABF,0.020000,1.087000,0.426000,0.185000,14.500000,0.000000
Mg,12,EABF,0.030000,1.294000,0.445000,0.191000,14.260000,0.000000
Mg,12,EABF,0.040000,1.644000,0.557000,0.142000,15.310000,0.000000
Mg,12,EABF,0.050000,2.216000,0.623000,0.130000,13.600000,0.000000
Mg,12,EABF,0.060000,2.778000,0.780000,0.077000,13.140000,0.000000
Mg,12,EABF,0.080000,3.778000,1.058000,0.000000,14.350000,0.000000
Mg,12,EABF,0.100000,4.260000,1.285000,0.000000,12.620000,0.008100
Mg,12,EABF,0.150000,4.099000,1.591000,0.000000,13.280000,0.036400
Mg,12,EABF,0.200000,3.649000,1.684000,0.000000,13.690000,0.041100
Mg,12,EABF,0.300000,3.056000,1.704000,0.000000,14.170000,0.042000
Mg,12,EABF,0.400000,2.751000,1.649000,0.000000,14.510000,0.037700
Mg,12,EABF,0.500000,2.552000,1.597000,0.000000,14.440000,0.036500
Mg,12,EABF,0.600000,2.416000,1.544000,0.000000,14.580000,0.034300
Mg,12,EABF,0.800000,2.238000,1.449000,0.000000,14.820000,0.029900
Mg,12,EABF,1.000000,2.115000,1.378000,0.000000,15.120000,0.026800
Mg,12,EABF,1.500000,1.940000,1.249000,0.000000,14.510000,0.020200
Mg,12,EABF,2.000000,1.834000,1.165000,0.000000,14.420000,0.013000
Mg,12,EABF,3.000000,1.696000,1.061000,0.000000,14.790000,0.000400
Mg,12,EABF,4.000000,1.607000,0.992000,0.006000,14.460000,0.000000
Mg,12,EABF,5.000000,1.549000,0.922000,0.029000,13.020000,0.000000
Mg,12,EABF,6.000000,1.474000,0.929000,0.025000,15.420000,0.000000
Mg,12,EABF,8.000000,1.380000,0.909000,0.032000,11.960000,0.000000
Mg,12,EABF,10.000000,1.309000,0.918000,0.029000,14.570000,-0.000000
Mg,12,EABF,15.000000,1.231000,0.844000,0.058000,14.160000,0.000000
Al,13,EBF,0.015000,1.029000,0.394000,0.206000,15.510000,0.000000
Al,13,EBF,0.020000,1.067000,0.384000,0.220000,13.810000,0.000000
Al,13,EBF,0.030000,1.223000,0.422000,0.198000,15.100000,0.000000
Al,13,EBF,0.040000,1.480000,0.503000,0.166000,14.780000,0.000000
Al,13,EBF,0.050000,1.765000,0.666000,0.099000,16.340000,0.000000
Al,13,EBF,0.060000,2.189000,0.697000,0.104000,12.900000,0.000000
Al,13,EBF,0.080000,2.640000,0.924000,0.035000,12.990000,0.000000
Al,13,EBF,0.100000,2.847000,1.110000,0.000000,12.980000,0.000000
Al,13,EBF,0.150000,2.877000,1.357000,0.000000,21.730000,0.007100
Al,13,EBF,0.200000,2.762000,1.455000,-0.074000,17.020000,0.011400
Al,13,EBF,0.300000,2.546000,1.510000,0.000000,16.220000,0.017200
Al,13,EBF,0.400000,2.403000,1.498000,0.000000,16.450000,0.018900
Al,13,EBF,0.500000,2.287000,1.474000,0.000000,16.410000,0.019400
Al,13,EBF,0.600000,2.197000,1.448000,0.000000,17.030000,0.022700
Al,13,EBF,0.800000,2.080000,1.384000,0.000000,16.240000,0.020200
Al,13,EBF,1.000000,1.994000,1.336000,0.000000,15.850000,0.021500
Al,13,EBF,1.500000,1.855000,1.230000,0.000000,16.010000,0.017100
Al,13,EBF,2.000000,1.781000,1.153000,0.000000,15.320000,0.009100
Al,13,EBF,3.000000,1.673000,1.057000,0.000000,10.790000,0.000000
Al,13,EBF,4.000000,1.607000,0.974000,0.013000,12.220000,0.000000
Al,13,EBF,5.000000,1.529000,0.957000,0.018000,10.900000,0.000000
Al,13,EBF,6.000000,1.481000,0.933000,0.026000,12.330000,0.000000
Al,13,EBF,8.000000,1.396000,0.917000,0.030000,13.880000,0.000000
Al,13,EBF,10.000000,1.334000,0.902000,0.038000,13.030000,0.000000
Al,13,EBF,15.000000,1.244000,0.869000,0.050000,14.910000,0.000000
Al,13,EABF,0.015000,1.029000,0.364000,0.240000,14.120000,0.000000
Al,13,EABF,0.020000,1.072000,0.349000,0.241000,14.250000,0.000000
Al,13,EABF,0.030000,1.226000,0.415000,0.206000,14.060000,-0.113100
Al,13,EABF,0.040000,1.504000,0.492000,0.172000,14.830000,0.000000
Al,13,EABF,0.050000,1.935000,0.570000,0.148000,14.640000,0.000000
Al,13,EABF,0.060000,2.436000,0.683000,0.109000,14.740000,0.000000
Al,13,EABF,0.080000,3.399000,0.926000,0.033000,14.110000,0.000000
Al,13,EABF,0.100000,3.991000,1.148000,0.000000,13.530000,0.000000
Al,13,EABF,0.150000,4.141000,1.441000,0.000000,14.240000,0.018500
Al,13,EABF,0.200000,3.690000,1.585000,0.000000,14.160000,0.031600
Al,13,EABF,0.300000,3.101000,1.636000,0.000000,14.260000,0.034900
Al,13,EABF,0.400000,2.791000,1.593000,0.000000,14.760000,0.030600
Al,13,EABF,0.500000,2.609000,1.528000,0.000000,15.470000,0.024900
Al,13,EABF,0.600000,2.428000,1.521000,0.000000,14.790000,0.032200
Al,13,EABF,0.800000,2.237000,1.439000,0.000000,14.680000,0.028400
Al,13,EABF,1.000000,2.119000,1.368000,0.000000,15.070000,0.025700
Al,13,EABF,1.500000,1.940000,1.245000,0.000000,14.720000,0.019600
Al,13,EABF,2.000000,1.000000,1.160000,0.000000,14.890000,0.010700
Al,13,EABF,3.000000,1.694000,1.059000,0.000000,10.740000,0.000000
Al,13,EABF,4.000000,1.605000,0.992000,0.006000,12.740000,0.000000
Al,13,EABF,5.000000,1.533000,0.000000,0.021000,14.170000,0.000000
Al,13,EABF,6.000000,1.464000,0.936000,0.024000,15.050000,0.000000
Al,13,EABF,8.000000,1.374000,0.913000,0.031000,14.150000,0.000000
Al,13,EABF,10.000000,1.308000,0.904000,0.036000,14.300000,0.000000
Al,13,EABF,15.000000,1.228000,0.833000,0.064000,14.200000,0.000000
Si,14,EBF,0.015000,1.023000,0.349000,0.262000,11.980000,0.000000
Si,14,EBF,0.020000,1.051000,0.426000,0.179000,17.640000,0.000000
Si,14,EBF,0.030000,1.179000,0.395000,0.216000,13.990000,0.000000
Si,14,EBF,0.040000,1.385000,0.460000,0.188000,14.330000,0.000000
Si,14,EBF,0.050000,1.640000,0.579000,0.135000,15.120000,0.000000
Si,14,EBF,0.060000,1.894000,0.702000,0.092000,15.290000,0.000000
Si,14,EBF,0.080000,2.400000,0.838000,0.058000,14.660000,0.000000
Si,14,EBF,0.100000,2.627000,1.018000,0.012000,13.650000,0.000000
Si,14,EBF,0.150000,2.733000,1.273000,0.000000,10.390000,0.000000
Si,14,EBF,0.200000,2.676000,1.375000,0.000000,7.720000,0.000000
Si,14,EBF,0.300000,2.483000,1.469000,0.000000,16.890000,0.013600
Si,14,EBF,0.400000,2.355000,1.473000,0.000000,15.820000,0.016100
Si,14,EBF,0.500000,2.252000,1.455000,0.000000,16.300000,0.018200
Si,14,EBF,0.600000,2.177000,1.424000,0.000000,18.670000,0.021500
Si,14,EBF,0.800000,2.053000,1.385000,0.000000,15.280000,0.021100
Si,14,EBF,1.000000,1.980000,1.323000,0.000000,15.810000,0.018400
Si,14,EBF,1.500000,1.842000,1.230000,0.000000,15.120000,0.016100
Si,14,EBF,2.000000,1.771000,1.155000,0.000000,14.570000,0.010000
Si,14,EBF,3.000000,1.669000,1.058000,0.000000,10.430000,0.000000
Si,14,EBF,4.000000,1.585000,1.011000,0.002000,15.910000,0.000000
Si,14,EBF,5.000000,1.522000,0.967000,0.016000,11.030000,0.000000
Si,14,EBF,6.000000,1.474000,0.953000,0.019000,14.090000,0.000000
Si,14,EBF,8.000000,1.389000,0.930000,0.027000,13.470000,0.000000
Si,14,EBF,10.000000,1.331000,0.908000,0.036000,13.360000,0.000000
Si,14,EBF,15.000000,1.236000,0.887000,0.047000,13.390000,0.000000
Si,14,EABF,0.015000,1.022000,0.415000,0.190000,11.160000,0.000000
Si,14,EABF,0.020000,1.051000,0.426000,0.179000,17.640000,0.000000
Si,14,EABF,0.030000,1.180000,0.395000,0.215000,14.400000,0.000000
Si,14,EABF,0.040000,1.401000,0.455000,0.189000,14.610000,0.000000
Si,14,EABF,0.050000,1.677000,0.604000,0.119000,16.850000,0.000000
Si,14,EABF,0.060000,2.178000,0.604000,0.139000,13.560000,0.000000
Si,14,EABF,0.080000,3.059000,0.820000,0.064000,13.990000,0.000000
Si,14,EABF,0.100000,3.712000,1.027000,0.009000,13.770000,0.000000
Si,14,EABF,0.150000,4.043000,1.348000,0.000000,13.940000,0.010000
Si,14,EABF,0.200000,3.678000,1.506000,0.000000,14.360000,0.024300
Si,14,EABF,0.300000,3.110000,1.582000,0.000000,14.450000,0.029000
Si,14,EABF,0.400000,2.781000,1.571000,0.000000,14.570000,0.029900
Si,14,EABF,0.500000,2.570000,1.541000,0.000000,14.870000,0.030100
Si,14,EABF,0.600000,2.433000,1.497000,0.000000,15.010000,0.028300
Si,14,EABF,0.800000,2.242000,1.424000,0.000000,15.080000,0.026700
Si,14,EABF,1.000000,2.124000,1.358000,0.000000,14.980000,0.024300
Si,14,EABF,1.500000,1.941000,1.241000,0.000000,14.380000,0.018500
Si,14,EABF,2.000000,1.838000,1.155000,0.000000,14.320000,0.010000
Si,14,EABF,3.000000,1.699000,1.051000,0.000000,11.580000,0.000000
Si,14,EABF,4.000000,1.596000,0.998000,0.006000,12.800000,0.000000
Si,14,EABF,5.000000,1.528000,0.948000,0.021000,14.620000,0.000000
Si,14,EABF,6.000000,1.456000,0.944000,0.022000,15.190000,0.000000
Si,14,EABF,8.000000,1.367000,0.907000,0.036000,11.950000,0.000000
Si,14,EABF,10.000000,1.298000,0.916000,0.033000,13.000000,0.000000
Si,14,EABF,15.000000,1.202000,0.913000,0.037000,14.000000,0.000000
P,15,EBF,0.015000,1.018000,0.398000,0.212000,12.010000,0.000000
P,15,EBF,0.020000,1.041000,0.432000,0.175000,13.830000,0.000000
P,15,EBF,0.030000,1.141000,0.394000,0.213000,14.410000,0.000000
P,15,EBF,0.040000,1.314000,0.439000,0.195000,14.430000,0.000000
P,15,EBF,0.050000,1.533000,0.520000,0.162000,14.690000,0.000000
P,15,EBF,0.060000,1.751000,0.633000,0.117000,14.780000,0.000000
P,15,EBF,0.080000,2.204000,0.757000,0.084000,12.940000,0.000000
P,15,EBF,0.100000,2.434000,0.940000,0.031000,14.070000,0.000000
P,15,EBF,0.150000,2.611000,1.198000,0.000000,11.680000,0.000000
P,15,EBF,0.200000,2.590000,1.319000,0.000000,9.030000,0.000000
P,15,EBF,0.300000,2.431000,1.433000,0.000000,19.170000,0.012500
P,15,EBF,0.400000,2.325000,1.440000,0.000000,17.170000,0.013900
P,15,EBF,0.500000,2.224000,1.433000,0.000000,16.310000,0.015700
P,15,EBF,0.600000,2.147000,1.416000,0.000000,16.440000,0.018000
P,15,EBF,0.800000,2.035000,1.375000,0.000000,15.640000,0.020500
P,15,EBF,1.000000,1.959000,1.323000,0.000000,17.020000,0.020400
P,15,EBF,1.500000,1.834000,1.226000,0.000000,15.360000,0.015500
P,15,EBF,2.000000,1.763000,1.156000,0.000000,14.970000,0.009900
P,15,EBF,3.000000,1.664000,1.059000,0.000000,13.400000,0.000000
P,15,EBF,4.000000,1.590000,1.003000,0.005000,15.050000,0.000000
P,15,EBF,5.000000,1.521000,0.968000,0.016000,11.990000,0.000000
P,15,EBF,6.000000,1.470000,0.958000,0.018000,14.300000,0.000000
P,15,EBF,8.000000,1.389000,0.928000,0.029000,13.670000,0.000000
P,15,EBF,10.000000,1.330000,0.907000,0.038000,13.340000,0.000000
P,15,EBF,15.000000,1.235000,0.879000,0.053000,13.060000,0.000000
P,15,EABF,0.015000,1.018000,0.398000,0.212000,12.010000,0.000000
P,15,EABF,0.020000,1.041000,0.411000,0.194000,13.580000,0.000000
P,15,EABF,0.030000,1.141000,0.390000,0.219000,13.870000,0.000000
P,15,EABF,0.040000,1.321000,0.439000,0.194000,14.660000,0.000000
P,15,EABF,0.050000,1.573000,0.525000,0.156000,15.240000,0.000000
P,15,EABF,0.060000,1.984000,0.535000,0.168000,13.700000,0.000000
P,15,EABF,0.080000,2.767000,0.726000,0.096000,13.520000,0.000000
P,15,EABF,0.100000,3.452000,0.924000,0.036000,13.690000,0.000000
P,15,EABF,0.150000,3.949000,1.255000,0.000000,20.000000,0.000000
P,15,EABF,0.200000,3.711000,1.410000,0.069000,16.170000,0.012400
P,15,EABF,0.300000,3.132000,1.528000,0.091000,14.160000,0.023300
P,15,EABF,0.400000,2.805000,1.527000,0.000000,15.230000,0.025200
P,15,EABF,0.500000,2.590000,1.504000,0.000000,15.300000,0.025300
P,15,EABF,0.600000,2.443000,1.475000,0.000000,14.940000,0.025700
P,15,EABF,0.800000,2.245000,1.410000,0.000000,15.210000,0.024100
P,15,EABF,1.000000,2.115000,1.358000,0.000000,15.010000,0.024200
P,15,EABF,1.500000,1.943000,1.234000,0.000000,14.990000,0.016900
P,15,EABF,2.000000,1.837000,1.155000,0.000000,13.920000,0.010000
P,15,EABF,3.000000,1.693000,1.056000,0.000000,11.300000,0.000000
P,15,EABF,4.000000,1.596000,0.994000,0.008000,12.630000,0.000000
P,15,EABF,5.000000,1.524000,0.948000,0.022000,14.530000,0.000000
P,15,EABF,6.000000,1.452000,0.946000,0.022000,15.590000,0.000000
P,15,EABF,8.000000,1.361000,0.911000,0.036000,11.740000,0.000000
P,15,EABF,10.000000,1.298000,0.903000,0.039000,13.700000,0.000000
P,15,EABF,15.000000,1.193000,0.930000,0.033000,14.490000,0.000000
S,16,EBF,0.015000,1.017000,0.293000,0.325000,10.440000,0.000000
S,16,EBF,0.020000,1.039000,0.340000,0.228000,27.880000,0.000000
S,16,EBF,0.030000,1.115000,0.387000,0.215000,13.890000,0.000000
S,16,EBF,0.040000,1.257000,0.418000,0.204000,14.600000,0.000000
S,16,EBF,0.050000,1.440000,0.487000,0.176000,14.610000,0.000000
S,16,EBF,0.060000,1.635000,0.576000,0.140000,14.630000,0.000000
S,16,EBF,0.080000,1.965000,0.763000,0.074000,14.910000,-0.000000
S,16,EBF,0.100000,2.276000,0.868000,0.051000,12.990000,0.000000
S,16,EBF,0.150000,2.492000,1.133000,0.000000,12.600000,0.000000
S,16,EBF,0.200000,2.500000,1.269000,0.000000,10.970000,0.000000
S,16,EBF,0.300000,2.407000,1.364000,0.000000,7.840000,0.000000
S,16,EBF,0.400000,2.285000,4.000000,0.000000,20.450000,0.015500
S,16,EBF,0.500000,2.201000,1.415000,0.000000,16.280000,0.014800
S,16,EBF,0.600000,2.135000,1.392000,0.000000,18.060000,0.015800
S,16,EBF,0.800000,2.029000,1.353000,0.000000,16.590000,0.016600
S,16,EBF,1.000000,1.951000,1.313000,0.000000,15.850000,0.017300
S,16,EBF,1.500000,1.832000,1.215000,0.000000,16.110000,0.013100
S,16,EBF,2.000000,1.761000,1.149000,0.000000,15.180000,0.008200
S,16,EBF,3.000000,1.660000,1.059000,0.000000,10.210000,0.000000
S,16,EBF,4.000000,1.587000,0.995000,0.010000,10.200000,-0.017100
S,16,EBF,5.000000,1.515000,0.000000,0.013000,12.270000,0.000000
S,16,EBF,6.000000,1.468000,0.957000,0.020000,13.460000,0.000000
S,16,EBF,8.000000,1.388000,0.927000,0.031000,13.430000,0.000000
S,16,EBF,10.000000,1.325000,0.919000,0.035000,13.720000,0.000000
S,16,EBF,15.000000,1.228000,0.898000,0.048000,13.240000,0.000000
S,16,EABF,0.015000,1.016000,0.294000,0.302000,11.360000,0.000000
S,16,EABF,0.020000,1.040000,0.303000,0.264000,28.620000,0.000000
S,16,EABF,0.030000,1.115000,0.387000,0.215000,1.000000,0.000000
S,16,EABF,0.040000,1.267000,0.405000,0.213000,14.750000,0.000000
S,16,EABF,0.050000,1.476000,0.480000,0.178000,14.710000,0.000000
S,16,EABF,0.060000,1.733000,0.578000,0.136000,15.240000,0.000000
S,16,EABF,0.080000,2.529000,0.648000,0.126000,13.150000,0.000000
S,16,EABF,0.100000,3.177000,0.841000,0.060000,13.600000,0.000000
S,16,EABF,0.150000,3.835000,1.165000,-0.023000,12.880000,-0.010700
S,16,EABF,0.200000,3.680000,1.339000,0.000000,19.720000,0.005400
S,16,EABF,0.300000,3.151000,1.473000,0.000000,16.170000,0.019100
S,16,EABF,0.400000,2.840000,1.475000,0.000000,16.920000,0.019100
S,16,EABF,0.500000,2.599000,1.477000,0.000000,15.490000,0.022300
S,16,EABF,0.600000,2.444000,1.455000,0.000000,15.620000,0.023400
S,16,EABF,0.800000,2.252000,1.395000,0.000000,15.380000,0.022500
S,16,EABF,1.000000,2.130000,1.336000,0.000000,15.620000,0.020900
S,16,EABF,1.500000,1.938000,1.234000,0.000000,14.810000,0.016700
S,16,EABF,2.000000,1.840000,1.146000,0.000000,15.780000,0.007000
S,16,EABF,3.000000,1.691000,1.059000,0.000000,11.880000,0.000000
S,16,EABF,4.000000,1.591000,0.998000,0.007000,13.090000,0.000000
S,16,EABF,5.000000,1.513000,0.962000,0.018000,14.660000,0.000000
S,16,EABF,6.000000,1.468000,0.957000,0.020000,13.460000,-0.022400
S,16,EABF,8.000000,1.351000,0.000000,0.029000,13.090000,0.000000
S,16,EABF,10.000000,1.325000,0.919000,0.035000,13.720000,-0.033500
S,16,EABF,15.000000,1.190000,0.922000,0.038000,14.240000,0.000000
Ar,18,EBF,0.015000,1.009000,0.495000,0.141000,29.380000,0.000000
Ar,18,EBF,0.020000,1.027000,0.318000,0.252000,18.880000,0.000000
Ar,18,EBF,0.030000,1.081000,0.344000,0.252000,13.450000,0.000000
Ar,18,EBF,0.040000,1.179000,0.392000,0.216000,14.540000,0.000000
Ar,18,EBF,0.050000,1.313000,0.433000,0.202000,14.230000,0.000000
Ar,18,EBF,0.060000,1.456000,0.508000,0.168000,14.350000,0.000000
Ar,18,EBF,0.080000,1.737000,0.655000,0.111000,14.390000,-0.062500
Ar,18,EBF,0.100000,1.950000,0.814000,0.059000,14.510000,0.000000
Ar,18,EBF,0.150000,2.255000,1.040000,0.004000,13.400000,0.000000
Ar,18,EBF,0.200000,2.347000,1.175000,0.000000,12.060000,0.000000
Ar,18,EBF,0.300000,2.299000,1.312000,0.000000,9.010000,0.000000
Ar,18,EBF,0.400000,2.234000,1.342000,0.000000,8.270000,0.000000
Ar,18,EBF,0.500000,2.145000,1.378000,0.000000,22.250000,0.017900
Ar,18,EBF,0.600000,2.088000,1.369000,0.000000,18.910000,0.015200
Ar,18,EBF,0.800000,1.994000,1.341000,0.000000,16.540000,0.016600
Ar,18,EBF,1.000000,1.925000,1.303000,0.000000,16.030000,0.016600
Ar,18,EBF,1.500000,1.814000,1.211000,0.000000,16.270000,0.012500
Ar,18,EBF,2.000000,1.749000,1.147000,0.000000,15.160000,0.006500
Ar,18,EBF,3.000000,1.657000,1.052000,0.000000,11.620000,0.000000
Ar,18,EBF,4.000000,1.579000,1.005000,0.007000,10.970000,0.000000
Ar,18,EBF,5.000000,1.513000,0.978000,0.015000,13.380000,0.000000
Ar,18,EBF,6.000000,1.461000,0.966000,0.019000,13.700000,-0.023500
Ar,18,EBF,8.000000,1.380000,0.938000,0.030000,13.390000,0.000000
Ar,18,EBF,10.000000,1.321000,0.919000,0.039000,13.420000,0.000000
Ar,18,EBF,15.000000,1.244000,0.842000,0.072000,13.870000,0.071000
Ar,18,EABF,0.015000,1.009000,0.495000,0.141000,29.380000,-0.285100
Ar,18,EABF,0.020000,1.022000,0.465000,0.151000,30.590000,-0.302100
Ar,18,EABF,0.030000,1.081000,0.344000,0.252000,13.450000,-0.150800
Ar,18,EABF,0.040000,1.180000,0.397000,0.211000,14.360000,-0.113900
Ar,18,EABF,0.050000,1.337000,0.420000,0.209000,14.320000,-0.121400
Ar,18,EABF,0.060000,1.522000,0.509000,0.162000,15.420000,-0.088700
Ar,18,EABF,0.080000,2.134000,0.540000,0.170000,13.500000,-0.100700
Ar,18,EABF,0.100000,2.716000,0.699000,0.107000,13.300000,-0.076000
Ar,18,EABF,0.150000,3.558000,0.007000,0.014000,13.470000,-0.030800
Ar,18,EABF,0.200000,3.599000,1.199000,-0.027000,12.180000,-0.014700
Ar,18,EABF,0.300000,3.161000,1.378000,-0.064000,21.310000,0.012500
Ar,18,EABF,0.400000,2.829000,1.426000,-0.074000,16.700000,0.015200
Ar,18,EABF,0.500000,2.615000,1.424000,-0.075000,17.170000,0.017400
Ar,18,EABF,0.600000,2.456000,1.410000,-0.074000,17.120000,0.018300
Ar,18,EABF,0.800000,2.248000,1.375000,-0.071000,15.670000,0.020200
Ar,18,EABF,1.000000,2.118000,1.334000,-0.066000,14.930000,0.020800
Ar,18,EABF,1.500000,1.943000,1.222000,-0.046000,15.070000,0.014600
Ar,18,EABF,2.000000,1.831000,1.154000,-0.032000,15.620000,0.008800
Ar,18,EABF,3.000000,1.692000,1.052000,-0.007000,12.910000,-0.006100
Ar,18,EABF,4.000000,1.592000,0.985000,0.013000,12.560000,-0.020400
Ar,18,EABF,5.000000,1.501000,0.970000,0.017000,15.630000,-0.028700
Ar,18,EABF,6.000000,1.437000,0.944000,0.027000,13.040000,-0.033000
Ar,18,EABF,8.000000,1.342000,0.924000,0.035000,12.280000,-0.033800
Ar,18,EABF,10.000000,1.280000,0.911000,0.041000,13.910000,-0.043400
Ar,18,EABF,15.000000,1.176000,0.948000,0.033000,14.530000,-0.036300
K,19,EBF,0.015000,1.012000,0.130000,0.620000,11.390000,-0.616200
K,19,EBF,0.020000,1.024000,0.289000,0.289000,12.380000,-0.145300
K,19,EBF,0.030000,1.067000,0.384000,0.215000,12.440000,-0.114100
K,19,EBF,0.040000,1.151000,0.382000,0.222000,13.920000,0.122900
K,19,EBF,0.050000,1.269000,0.408000,0.217000,14.200000,-0.127400
K,19,EBF,0.060000,1.392000,0.483000,0.178000,14.360000,-0.098800
K,19,EBF,0.080000,1.644000,0.609000,0.129000,14.320000,-0.074200
K,19,EBF,0.100000,1.853000,0.757000,0.077000,14.330000,-0.050200
K,19,EBF,0.150000,2.146000,1.005000,0.010000,13.700000,0.021600
K,19,EBF,0.200000,2.235000,1.166000,-0.022000,11.910000,0.014300
K,19,EBF,0.300000,2.253000,1.282000,-0.043000,10.150000,0.011100
K,19,EBF,0.400000,2.211000,1.315000,-0.049000,8.860000,-0.010900
K,19,EBF,0.500000,2.122000,1.361000,-0.063000,20.950000,1.000000
K,19,EBF,0.600000,2.070000,1.353000,-0.063000,18.250000,0.012300
K,19,EBF,0.800000,1.979000,1.328000,-0.061000,16.890000,0.013700
K,19,EBF,1.000000,1.914000,1.294000,-0.057000,15.830000,0.014600
K,19,EBF,1.500000,1.804000,1.214000,-0.044000,15.260000,0.013100
K,19,EBF,2.000000,1.744000,1.144000,-0.029000,16.510000,0.006100
K,19,EBF,3.000000,1.658000,1.047000,-0.004000,11.270000,-0.010800
K,19,EBF,4.000000,1.579000,1.002000,0.009000,11.560000,-0.018300
K,19,EBF,5.000000,1.508000,0.986000,0.013000,13.410000,-0.020000
K,19,EBF,6.000000,1.463000,0.958000,0.023000,13.420000,-0.028800
K,19,EBF,8.000000,1.382000,0.931000,0.034000,13.470000,-0.038900
K,19,EBF,10.000000,1.316000,0.927000,0.038000,13.530000,-0.042700
K,19,EBF,15.000000,1.218000,0.920000,0.047000,13.480000,-0.051800
K,19,EABF,0.015000,1.010000,0.224000,0.422000,12.990000,-0.435400
K,19,EABF,0.020000,1.023000,0.248000,0.365000,12.390000,-0.253300
K,19,EABF,0.030000,1.069000,0.351000,0.244000,12.590000,-0.138800
K,19,EABF,0.040000,1.157000,0.362000,0.238000,14.600000,-0.145300
K,19,EABF,0.050000,1.289000,0.400000,0.218000,14.850000,-0.128200
K,19,EABF,0.060000,1.451000,0.466000,0.185000,14.800000,-0.105500
K,19,EABF,0.080000,1.986000,0.488000,0.197000,11.860000,-0.095100
K,19,EABF,0.100000,2.532000,0.625000,0.140000,11.980000,-0.094700
K,19,EABF,0.150000,3.411000,0.935000,0.033000,13.430000,0.040600
K,19,EABF,0.200000,3.529000,1.139000,-0.014000,12.770000,-0.021800
K,19,EABF,0.300000,3.188000,1.309000,-0.048000,9.230000,-0.009900
K,19,EABF,0.400000,2.840000,1.389000,-0.067000,20.010000,0.013900
K,19,EABF,0.500000,2.627000,1.397000,-0.070000,17.550000,0.014800
K,19,EABF,0.600000,2.456000,1.397000,-0.072000,16.300000,0.017300
K,19,EABF,0.800000,2.264000,1.352000,-0.066000,16.770000,0.017500
K,19,EABF,1.000000,2.128000,1.313000,-0.061000,15.500000,0.017000
K,19,EABF,1.500000,1.939000,1.222000,-0.046000,14.915000,0.014300
K,19,EABF,2.000000,1.835000,1.147000,-0.030000,16.460000,0.007400
K,19,EABF,3.000000,1.685000,1.057000,-0.008000,12.350000,-0.005700
K,19,EABF,4.000000,1.589000,0.983000,0.015000,11.870000,-0.023500
K,19,EABF,5.000000,1.501000,0.956000,0.024000,12.990000,-0.036100
K,19,EABF,6.000000,1.432000,0.945000,0.028000,12.780000,0.000000
K,19,EABF,8.000000,1.334000,0.934000,0.033000,12.110000,0.033200
K,19,EABF,10.000000,1.283000,0.890000,0.050000,13.890000,-0.052500
K,19,EABF,15.000000,1.175000,0.934000,0.040000,14.390000,-0.043600
Ca,20,EBF,0.015000,1.007000,0.596000,0.021000,7.030000,0.129000
Ca,20,EBF,0.020000,1.016000,0.441000,0.180000,10.890000,-0.084500
Ca,20,EBF,0.030000,1.057000,0.372000,0.226000,11.520000,-0.118200
Ca,20,EBF,0.040000,1.129000,0.364000,0.234000,14.070000,-0.135700
Ca,20,EBF,0.050000,1.226000,0.405000,0.213000,14.140000,-0.117200
Ca,20,EBF,0.060000,1.335000,0.456000,0.192000,14.250000,-0.110700
Ca,20,EBF,0.080000,1.564000,0.574000,0.142000,14.350000,-0.080100
Ca,20,EBF,0.100000,1.760000,0.708000,0.093000,14.300000,-0.058000
Ca,20,EBF,0.150000,2.062000,0.949000,0.024000,13.690000,-0.028000
Ca,20,EBF,0.200000,2.175000,1.118000,-0.012000,12.580000,-0.018800
Ca,20,EBF,0.300000,2.204000,1.257000,-0.039000,10.260000,-0.011300
Ca,20,EBF,0.400000,2.172000,1.299000,-0.047000,9.760000,-0.009000
Ca,20,EBF,0.500000,2.128000,1.304000,-0.048000,8.710000,-0.010800
Ca,20,EBF,0.600000,2.058000,1.333000,-0.059000,23.640000,0.015000
Ca,20,EBF,0.800000,1.963000,1.322000,-0.060000,18.990000,0.016600
Ca,20,EBF,1.000000,1.904000,1.289000,-0.056000,17.120000,0.015900
Ca,20,EBF,1.500000,1.796000,1.210000,-0.043000,15.770000,0.012800
Ca,20,EBF,2.000000,1.737000,1.148000,-0.030000,17.570000,0.007900
Ca,20,EBF,3.000000,1.640000,1.070000,-0.011000,13.240000,-0.006700
Ca,20,EBF,4.000000,1.574000,1.009000,0.007000,12.050000,-0.016700
Ca,20,EBF,5.000000,1.508000,0.983000,0.015000,13.210000,-0.023100
Ca,20,EBF,6.000000,1.459000,0.962000,0.023000,13.190000,-0.030300
Ca,20,EBF,8.000000,1.376000,0.943000,0.031000,13.520000,-0.036300
Ca,20,EBF,10.000000,1.313000,0.934000,0.037000,13.600000,-0.042400
Ca,20,EBF,15.000000,1.219000,0.916000,0.050000,13.910000,-0.055100
Ca,20,EABF,0.015000,1.007000,0.585000,0.034000,9.720000,0.111300
Ca,20,EABF,0.020000,1.017000,0.370000,0.247000,11.260000,-0.177100
Ca,20,EABF,0.030000,1.056000,0.363000,0.237000,12.800000,-0.145900
Ca,20,EABF,0.040000,1.127000,0.380000,0.222000,13.840000,-0.121100
Ca,20,EABF,0.050000,1.240000,0.389000,0.225000,14.220000,-0.132500
Ca,20,EABF,0.060000,1.382000,0.450000,0.190000,14.770000,-0.105800
Ca,20,EABF,0.080000,1.741000,0.573000,0.136000,15.850000,-0.073800
Ca,20,EABF,0.100000,2.203000,0.685000,0.099000,15.970000,-0.068000
Ca,20,EABF,0.150000,3.245000,0.871000,0.051000,13.420000,-0.050200
Ca,20,EABF,0.200000,3.471000,1.072000,0.002000,12.890000,-0.031700
Ca,20,EABF,0.300000,3.172000,1.273000,-0.042000,10.250000,-0.010300
Ca,20,EABF,0.400000,2.848000,1.356000,-0.061000,27.240000,0.018500
Ca,20,EABF,0.500000,2.615000,1.380000,-0.067000,17.030000,0.012300
Ca,20,EABF,0.600000,2.477000,1.364000,-0.065000,21.160000,0.017100
Ca,20,EABF,0.800000,2.258000,1.346000,-0.065000,16.210000,0.016400
Ca,20,EABF,1.000000,2.129000,1.304000,-0.059000,16.330000,0.016400
Ca,20,EABF,1.500000,1.936000,1.222000,-0.046000,15.600000,0.015100
Ca,20,EABF,2.000000,1.834000,1.144000,-0.029000,17.200000,0.006800
Ca,20,EABF,3.000000,1.687000,1.050000,-0.005000,11.950000,-0.009900
Ca,20,EABF,4.000000,1.589000,0.978000,0.017000,12.170000,-0.025000
Ca,20,EABF,5.000000,1.498000,0.963000,0.021000,14.580000,-0.031700
Ca,20,EABF,6.000000,1.429000,0.944000,0.029000,12.990000,-0.036100
Ca,20,EABF,8.000000,1.330000,0.932000,0.035000,12.380000,-0.036400
Ca,20,EABF,10.000000,1.274000,0.903000,0.047000,13.910000,-0.051300
Ca,20,EABF,15.000000,1.167000,0.957000,0.034000,14.470000,-0.037500
Fe,26,EBF,0.015000,1.004000,1.561000,-0.554000,5.600000,0.352400
Fe,26,EBF,0.020000,1.012000,0.130000,0.620000,11.390000,-0.616200
Fe,26,EBF,0.030000,1.028000,0.374000,0.190000,29.340000,-0.317000
Fe,26,EBF,0.040000,1.058000,0.336000,0.248000,11.650000,-0.118800
Fe,26,EBF,0.050000,1.099000,0.366000,0.232000,14.010000,-0.135400
Fe,26,EBF,0.060000,1.148000,0.405000,0.208000,14.170000,-0.114200
Fe,26,EBF,0.080000,1.267000,0.470000,0.180000,14.480000,-0.097400
Fe,26,EBF,0.100000,1.389000,0.557000,0.144000,14.110000,-0.079100
Fe,26,EBF,0.150000,1.660000,0.743000,0.079000,14.120000,-0.047600
Fe,26,EBF,0.200000,1.839000,0.911000,0.034000,13.230000,-0.033400
Fe,26,EBF,0.300000,1.973000,1.095000,-0.009000,11.860000,-0.018300
Fe,26,EBF,0.400000,1.992000,1.187000,-0.027000,10.720000,-0.014000
Fe,26,EBF,0.500000,1.967000,1.240000,-0.039000,8.340000,-0.007400
Fe,26,EBF,0.600000,1.947000,1.247000,-0.040000,8.200000,-0.009600
Fe,26,EBF,0.800000,1.906000,1.233000,-0.038000,7.930000,-0.011000
Fe,26,EBF,1.000000,1.841000,1.250000,-0.048000,19.490000,0.014000
Fe,26,EBF,1.500000,1.750000,1.197000,-0.040000,15.900000,0.011000
Fe,26,EBF,2.000000,1.712000,1.123000,-0.021000,7.970000,-0.005700
Fe,26,EBF,3.000000,1.627000,1.059000,-0.005000,11.990000,-0.013200
Fe,26,EBF,4.000000,1.553000,1.026000,0.005000,12.930000,-0.019100
Fe,26,EBF,5.000000,1.483000,1.009000,0.012000,13.120000,-0.025800
Fe,26,EBF,6.000000,1.442000,0.980000,0.023000,13.370000,-0.035500
Fe,26,EBF,8.000000,1.354000,0.974000,0.029000,13.650000,-0.042400
Fe,26,EBF,10.000000,1.297000,0.949000,0.042000,13.970000,-0.056100
Fe,26,EBF,15.000000,1.199000,0.957000,0.049000,14.370000,-0.059400
Fe,26,EABF,0.015000,1.004000,1.561000,-0.554000,5.600000,0.352400
Fe,26,EABF,0.020000,1.010000,0.258000,0.319000,18.220000,-0.295000
Fe,26,EABF,0.030000,1.027000,0.318000,0.252000,18.880000,-0.191300
Fe,26,EABF,0.040000,1.058000,0.331000,0.248000,13.930000,-0.131500
Fe,26,EABF,0.050000,1.105000,0.344000,0.243000,14.400000,-0.135600
Fe,26,EABF,0.060000,1.167000,0.372000,0.229000,14.700000,-0.136500
Fe,26,EABF,0.080000,1.340000,0.442000,0.191000,15.110000,-0.108500
Fe,26,EABF,0.100000,1.600000,0.484000,0.178000,15.000000,-0.105000
Fe,26,EABF,0.150000,2.422000,0.584000,0.151000,14.990000,-0.118700
Fe,26,EABF,0.200000,2.887000,0.788000,0.080000,13.120000,-0.072000
Fe,26,EABF,0.300000,3.035000,1.034000,0.010000,12.470000,-0.035900
Fe,26,EABF,0.400000,2.823000,1.164000,-0.020000,11.680000,-0.021000
Fe,26,EABF,0.500000,2.626000,1.225000,-0.034000,10.320000,-0.013200
Fe,26,EABF,0.600000,2.486000,1.241000,-0.038000,10.260000,-0.011300
Fe,26,EABF,0.800000,2.277000,1.241000,-0.039000,8.310000,-0.012600
Fe,26,EABF,1.000000,2.130000,1.256000,-0.049000,18.400000,0.012100
Fe,26,EABF,1.500000,1.938000,1.193000,-0.039000,15.350000,0.009600
Fe,26,EABF,2.000000,1.827000,1.135000,-0.026000,25.390000,0.007400
Fe,26,EABF,3.000000,1.684000,1.035000,0.002000,12.450000,-0.018400
Fe,26,EABF,4.000000,1.565000,0.996000,0.014000,13.950000,-0.029600
Fe,26,EABF,5.000000,1.476000,0.969000,0.024000,14.140000,-0.038400
Fe,26,EABF,6.000000,1.394000,0.977000,0.023000,14.330000,-0.038000
Fe,26,EABF,8.000000,1.299000,0.958000,0.033000,14.000000,-0.044600
Fe,26,EABF,10.000000,1.235000,0.958000,0.037000,14.270000,-0.048300
Fe,26,EABF,15.000000,1.148000,0.955000,0.047000,14.630000,-0.053500
Cu,29,EBF,0.015000,1.001000,2.044000,-0.310000,11.150000,0.251900
Cu,29,EBF,0.020000,1.009000,0.103000,0.764000,10.780000,-1.061300
Cu,29,EBF,0.030000,1.020000,0.359000,0.205000,12.000000,-0.051000
Cu,29,EBF,0.040000,1.042000,0.330000,0.239000,14.450000,-0.096200
Cu,29,EBF,0.050000,1.071000,0.353000,0.243000,12.890000,-0.140700
Cu,29,EBF,0.060000,1.109000,0.364000,0.237000,13.540000,-0.134900
Cu,29,EBF,0.080000,1.189000,0.446000,0.192000,13.970000,-0.109400
Cu,29,EBF,0.100000,1.287000,0.507000,0.165000,13.890000,-0.092400
Cu,29,EBF,0.150000,1.518000,0.675000,0.100000,13.990000,-0.055500
Cu,29,EBF,0.200000,1.695000,0.835000,0.052000,13.620000,-0.036400
Cu,29,EBF,0.300000,1.865000,1.023000,0.005000,12.510000,-0.019700
Cu,29,EBF,0.400000,1.908000,1.135000,-0.018000,11.460000,-0.013700
Cu,29,EBF,0.500000,1.909000,1.189000,-0.029000,9.920000,-0.010600
Cu,29,EBF,0.600000,1.889000,1.216000,-0.035000,8.530000,-0.009100
Cu,29,EBF,0.800000,1.847000,1.226000,-0.037000,7.030000,-0.011800
Cu,29,EBF,1.000000,1.816000,1.204000,-0.034000,7.470000,-0.011400
Cu,29,EBF,1.500000,1.733000,1.185000,-0.037000,18.360000,0.010600
Cu,29,EBF,2.000000,1.695000,1.121000,-0.021000,8.900000,-0.004200
Cu,29,EBF,3.000000,1.617000,1.059000,-0.004000,12.210000,-0.014600
Cu,29,EBF,4.000000,1.546000,1.022000,0.009000,12.920000,-0.025800
Cu,29,EBF,5.000000,1.479000,1.008000,0.015000,13.260000,-0.031000
Cu,29,EBF,6.000000,1.428000,0.995000,0.021000,13.230000,-0.037100
Cu,29,EBF,8.000000,1.353000,0.960000,0.038000,13.500000,-0.054700
Cu,29,EBF,10.000000,1.289000,0.962000,0.042000,13.910000,-0.057700
Cu,29,EBF,15.000000,1.191000,0.969000,0.052000,14.480000,-0.064000
Cu,29,EABF,0.015000,1.001000,2.044000,-0.310000,11.150000,0.251900
Cu,29,EABF,0.020000,1.006000,0.230000,0.442000,12.610000,-0.509900
Cu,29,EABF,0.030000,1.017000,0.370000,0.247000,11.260000,-0.177100
Cu,29,EABF,0.040000,1.038000,0.392000,0.197000,25.450000,-0.288600
Cu,29,EABF,0.050000,1.071000,0.353000,0.243000,12.890000,-0.140700
Cu,29,EABF,0.060000,1.121000,0.340000,0.250000,14.530000,-0.150100
Cu,29,EABF,0.080000,1.246000,0.395000,0.217000,14.390000,-0.122600
Cu,29,EABF,0.100000,1.381000,0.539000,0.133000,19.420000,-0.087400
Cu,29,EABF,0.150000,2.120000,0.472000,0.208000,13.510000,-0.137200
Cu,29,EABF,0.200000,2.603000,0.671000,0.120000,13.450000,-0.092800
Cu,29,EABF,0.300000,2.926000,0.921000,0.039000,12.800000,-0.049500
Cu,29,EABF,0.400000,2.795000,1.070000,0.002000,12.190000,-0.033100
Cu,29,EABF,0.500000,2.612000,1.158000,-0.020000,11.560000,-0.019000
Cu,29,EABF,0.600000,2.479000,1.191000,-0.028000,10.740000,-0.014700
Cu,29,EABF,0.800000,2.270000,1.210000,-0.033000,8.790000,-0.013100
Cu,29,EABF,1.000000,2.129000,1.211000,-0.036000,7.130000,-0.009000
Cu,29,EABF,1.500000,1.952000,1.149000,-0.025000,8.180000,-0.008500
Cu,29,EABF,2.000000,1.835000,1.113000,-0.019000,9.490000,-0.005200
Cu,29,EABF,3.000000,1.673000,1.041000,0.001000,12.270000,-0.017400
Cu,29,EABF,4.000000,1.542000,1.016000,0.010000,14.080000,-0.028600
Cu,29,EABF,5.000000,1.451000,0.993000,0.019000,14.150000,-0.037200
Cu,29,EABF,6.000000,1.381000,0.984000,0.023000,14.300000,-0.039500
Cu,29,EABF,8.000000,1.289000,0.959000,0.036000,14.050000,-0.049400
Cu,29,EABF,10.000000,1.226000,0.958000,0.041000,14.330000,-0.053600
Cu,29,EABF,15.000000,1.142000,0.944000,0.057000,14.810000,-0.000000
Mo,42,EBF,0.015000,1.005000,0.377000,0.249000,15.040000,-0.149300
Mo,42,EBF,0.020000,1.011000,0.376000,0.250000,14.350000,-0.147600
Mo,42,EBF,0.030000,3.621000,1.090000,0.110000,36.260000,-0.308400
Mo,42,EBF,0.040000,3.839000,0.345000,0.050000,30.300000,-0.092100
Mo,42,EBF,0.050000,2.981000,0.038000,-0.226000,16.530000,0.048300
Mo,42,EBF,0.060000,1.025000,0.556000,0.123000,14.260000,-0.050600
Mo,42,EBF,0.080000,1.065000,0.341000,0.275000,13.170000,-0.183300
Mo,42,EBF,0.100000,1.108000,0.373000,0.250000,13.000000,-0.163800
Mo,42,EBF,0.150000,1.241000,0.462000,0.192000,12.980000,-0.112500
Mo,42,EBF,0.200000,1.334000,0.582000,0.136000,14.630000,-0.073400
Mo,42,EBF,0.300000,1.533000,0.733000,0.084000,14.450000,-0.054900
Mo,42,EBF,0.400000,1.654000,0.856000,0.047000,14.130000,-0.036900
Mo,42,EBF,0.500000,1.716000,0.940000,0.025000,14.300000,-0.027500
Mo,42,EBF,0.600000,1.747000,0.997000,0.012000,14.140000,-0.023700
Mo,42,EBF,0.800000,1.757000,1.032000,0.000000,13.850000,-0.014300
Mo,42,EBF,1.000000,1.743000,1.061000,-0.006000,13.680000,-0.012900
Mo,42,EBF,1.500000,1.649000,1.117000,-0.023000,12.450000,-0.000500
Mo,42,EBF,2.000000,1.628000,1.097000,-0.013000,12.410000,-0.012800
Mo,42,EBF,3.000000,1.566000,1.042000,0.006000,12.980000,-0.032900
Mo,42,EBF,4.000000,1.509000,1.003000,0.023000,13.320000,-0.050200
Mo,42,EBF,5.000000,1.524000,0.940000,0.047000,13.630000,-0.071300
Mo,42,EBF,6.000000,1.517000,0.901000,0.064000,13.820000,-0.086900
Mo,42,EBF,8.000000,1.496000,0.904000,0.070000,14.120000,-0.089100
Mo,42,EBF,10.000000,1.510000,0.936000,0.067000,14.160000,-0.086000
Mo,42,EBF,15.000000,1.567000,1.081000,0.044000,13.970000,-0.069900
Mo,42,EABF,0.015000,1.005000,0.347000,0.282000,13.560000,-0.175900
Mo,42,EABF,0.020000,1.011000,0.365000,0.261000,14.320000,-0.159900
Mo,42,EABF,0.030000,1.511000,1.111000,0.103000,28.910000,-0.115800
Mo,42,EABF,0.040000,1.486000,0.349000,0.064000,29.630000,-0.067400
Mo,42,EABF,0.050000,1.380000,0.053000,-0.090000,9.940000,0.106300
Mo,42,EABF,0.060000,1.028000,0.505000,0.150000,13.570000,-0.070600
Mo,42,EABF,0.080000,1.085000,0.240000,0.379000,13.140000,-0.271500
Mo,42,EABF,0.100000,1.156000,0.252000,0.363000,13.030000,-0.254900
Mo,42,EABF,0.150000,1.422000,0.290000,0.330000,12.850000,-0.230000
Mo,42,EABF,0.200000,1.709000,0.389000,0.248000,14.250000,-0.146700
Mo,42,EABF,0.300000,2.294000,0.527000,0.182000,14.130000,-0.127600
Mo,42,EABF,0.400000,2.555000,0.675000,0.119000,13.990000,-0.091900
Mo,42,EABF,0.500000,2.594000,0.774000,0.085000,13.930000,-0.075000
Mo,42,EABF,0.600000,2.549000,0.847000,0.063000,13.820000,-0.065500
Mo,42,EABF,0.800000,2.408000,0.908000,0.040000,13.620000,-0.046700
Mo,42,EABF,1.000000,2.263000,0.958000,0.026000,13.620000,-0.038900
Mo,42,EABF,1.500000,1.906000,1.079000,-0.012000,12.970000,-0.009500
Mo,42,EABF,2.000000,1.860000,1.032000,0.006000,13.220000,-0.028100
Mo,42,EABF,3.000000,1.690000,0.950000,0.035000,13.300000,-0.057000
Mo,42,EABF,4.000000,1.563000,0.900000,0.057000,13.510000,-0.079600
Mo,42,EABF,5.000000,1.596000,0.819000,0.090000,13.790000,-0.108700
Mo,42,EABF,6.000000,1.545000,0.784000,0.107000,13.970000,-0.124900
Mo,42,EABF,8.000000,1.465000,0.805000,0.000000,14.270000,-0.118800
Mo,42,EABF,10.000000,1.411000,0.863000,0.091000,14.310000,-0.105600
Mo,42,EABF,15.000000,1.404000,0.984000,0.072000,14.180000,-0.094700
Sn,50,EBF,0.015000,1.003000,0.382000,0.234000,28.060000,0.000000
Sn,50,EBF,0.020000,1.006000,0.377000,0.255000,14.120000,0.000000
Sn,50,EBF,0.030000,2.901000,1.854000,0.044000,9.470000,0.000000
Sn,50,EBF,0.040000,3.472000,1.233000,0.094000,27.060000,0.000000
Sn,50,EBF,0.050000,3.386000,0.491000,0.279000,16.780000,-0.234000
Sn,50,EBF,0.060000,2.848000,0.236000,0.000000,5.000000,0.000000
Sn,50,EBF,0.080000,1.765000,0.018000,0.810000,15.180000,0.000000
Sn,50,EBF,0.100000,1.117000,0.229000,0.366000,13.110000,0.000000
Sn,50,EBF,0.150000,1.104000,0.640000,0.091000,13.890000,0.000000
Sn,50,EBF,0.200000,1.229000,0.543000,0.149000,14.610000,0.000000
Sn,50,EBF,0.300000,1.405000,0.659000,0.109000,14.330000,0.000000
Sn,50,EBF,0.400000,1.525000,0.780000,0.067000,14.180000,0.000000
Sn,50,EBF,0.500000,1.601000,0.877000,0.042000,13.860000,0.000000
Sn,50,EBF,0.600000,1.643000,0.929000,0.027000,13.890000,0.000000
Sn,50,EBF,0.800000,1.670000,0.994000,0.009000,13.880000,0.000000
Sn,50,EBF,1.000000,1.674000,1.021000,0.002000,13.560000,0.000000
Sn,50,EBF,1.500000,1.612000,1.085000,0.000000,12.400000,0.000000
Sn,50,EBF,2.000000,1.567000,1.073000,0.000000,12.770000,0.000000
Sn,50,EBF,3.000000,1.506000,1.058000,0.003000,13.050000,0.000000
Sn,50,EBF,4.000000,1.459000,1.018000,0.021000,13.310000,0.000000
Sn,50,EBF,5.000000,1.480000,0.970000,0.041000,13.720000,0.000000
Sn,50,EBF,6.000000,1.486000,0.924000,0.062000,13.890000,0.000000
Sn,50,EBF,8.000000,1.478000,0.945000,0.063000,14.240000,0.000000
Sn,50,EBF,10.000000,1.509000,0.987000,0.061000,14.010000,0.000000
Sn,50,EBF,15.000000,1.573000,1.170000,0.033000,13.840000,0.000000
Sn,50,EABF,0.015000,1.003000,0.405000,0.215000,26.260000,0.000000
Sn,50,EABF,0.020000,1.006000,0.381000,0.252000,13.990000,0.000000
Sn,50,EABF,0.030000,1.787000,1.859000,0.042000,11.100000,0.000000
Sn,50,EABF,0.040000,1.691000,1.229000,0.096000,29.620000,0.000000
Sn,50,EABF,0.050000,1.636000,0.496000,0.276000,16.810000,0.000000
Sn,50,EABF,0.060000,1.566000,0.258000,0.000000,21.220000,0.057900
Sn,50,EABF,0.080000,1.393000,0.033000,0.741000,14.350000,0.000000
Sn,50,EABF,0.100000,1.123000,0.245000,0.342000,12.990000,0.000000
Sn,50,EABF,0.150000,1.170000,0.504000,0.152000,13.450000,0.000000
Sn,50,EABF,0.200000,1.456000,0.356000,0.263000,14.220000,0.000000
Sn,50,EABF,0.300000,1.924000,0.460000,0.213000,14.100000,0.000000
Sn,50,EABF,0.400000,2.224000,0.589000,0.151000,13.880000,0.000000
Sn,50,EABF,0.500000,2.337000,0.702000,0.110000,13.900000,0.000000
Sn,50,EABF,0.600000,2.391000,0.769000,0.085000,13.780000,0.000000
Sn,50,EABF,0.800000,2.332000,0.852000,0.057000,13.760000,0.000000
Sn,50,EABF,1.000000,2.236000,0.901000,0.041000,13.520000,0.000000
Sn,50,EABF,1.500000,1.929000,1.030000,0.001000,13.250000,0.000000
Sn,50,EABF,2.000000,1.814000,0.981000,0.021000,13.330000,0.000000
Sn,50,EABF,3.000000,1.643000,0.933000,0.043000,13.320000,0.000000
Sn,50,EABF,4.000000,1.517000,0.891000,0.063000,13.520000,0.000000
Sn,50,EABF,5.000000,1.575000,0.814000,0.096000,13.880000,0.000000
Sn,50,EABF,6.000000,1.568000,0.732000,0.136000,14.030000,0.000000
Sn,50,EABF,8.000000,1.469000,0.807000,0.112000,14.260000,0.000000
Sn,50,EABF,10.000000,1.435000,0.895000,0.088000,14.800000,0.000000
Sn,50,EABF,15.000000,1.398000,1.055000,0.064000,14.060000,-0.092900
La,57,EBF,0.015000,1.002000,0.351000,0.272000,14.370000,-0.170000
La,57,EBF,0.020000,1.004000,0.385000,0.242000,15.440000,-0.150400
La,57,EBF,0.030000,1.012000,0.367000,0.263000,13.730000,-0.167400
La,57,EBF,0.040000,2.900000,1.811000,0.046000,11.120000,-0.033300
La,57,EBF,0.050000,3.178000,1.269000,0.100000,18.880000,-0.109500
La,57,EBF,0.060000,2.786000,0.778000,0.182000,16.420000,-0.149200
La,57,EBF,0.080000,2.014000,0.216000,-0.123000,16.230000,0.067300
La,57,EBF,0.100000,1.455000,0.040000,0.661000,14.480000,-0.174800
La,57,EBF,0.150000,1.089000,0.537000,0.135000,13.640000,-0.063600
La,57,EBF,0.200000,1.197000,0.452000,0.195000,14.410000,-0.104800
La,57,EBF,0.300000,1.310000,0.619000,0.121000,14.430000,-0.071100
La,57,EBF,0.400000,1.426000,0.709000,0.089000,13.990000,-0.052600
La,57,EBF,0.500000,1.500000,0.805000,0.060000,14.090000,-0.040700
La,57,EBF,0.600000,1.547000,0.868000,0.042000,13.950000,-0.033100
La,57,EBF,0.800000,1.592000,0.942000,0.021000,13.820000,-0.022400
La,57,EBF,1.000000,1.608000,0.990000,0.009000,13.650000,-0.017200
La,57,EBF,1.500000,1.574000,1.053000,-0.008000,12.660000,-0.008100
La,57,EBF,2.000000,1.536000,1.053000,-0.002000,12.930000,-0.018700
La,57,EBF,3.000000,1.481000,1.051000,0.006000,13.030000,-0.034200
La,57,EBF,4.000000,1.431000,1.026000,0.022000,13.380000,-0.053500
La,57,EBF,5.000000,1.466000,0.966000,0.047000,13.730000,-0.074900
La,57,EBF,6.000000,1.467000,0.938000,0.061000,13.940000,-0.087100
La,57,EBF,8.000000,1.468000,0.974000,0.060000,14.130000,-0.083800
La,57,EBF,10.000000,1.493000,1.055000,0.047000,13.980000,-0.073400
La,57,EBF,15.000000,1.581000,1.220000,0.029000,13.690000,-0.063700
La,57,EABF,0.015000,1.002000,0.351000,0.272000,14.370000,-0.170000
La,57,EABF,0.020000,1.004000,0.365000,0.242000,15.440000,-0.150400
La,57,EABF,0.030000,1.012000,0.371000,0.256000,14.480000,-0.160100
La,57,EABF,0.040000,1.907000,1.787000,0.000000,11.120000,-0.037300
La,57,EABF,0.050000,1.768000,1.347000,0.080000,33.490000,-0.171900
La,57,EABF,0.060000,1.694000,0.794000,0.175000,16.640000,-0.138700
La,57,EABF,0.080000,1.604000,0.214000,-0.058000,14.490000,0.068000
La,57,EABF,0.100000,1.450000,0.043000,0.646000,14.350000,-0.178000
La,57,EABF,0.150000,1.170000,0.338000,0.259000,12.950000,-0.150600
La,57,EABF,0.200000,1.524000,0.216000,0.390000,14.020000,-0.223200
La,57,EABF,0.300000,1.820000,0.369000,0.269000,14.030000,-0.178500
La,57,EABF,0.400000,2.094000,0.488000,0.199000,13.770000,-0.133800
La,57,EABF,0.500000,2.235000,0.599000,0.149000,13.870000,-0.108400
La,57,EABF,0.600000,2.202000,0.690000,0.112000,13.780000,-0.087400
La,57,EABF,0.800000,2.212000,0.786000,0.077000,13.610000,-0.067000
La,57,EABF,1.000000,2.143000,0.854000,0.055000,13.580000,-0.054200
La,57,EABF,1.500000,1.937000,0.977000,0.015000,13.370000,-0.025800
La,57,EABF,2.000000,1.822000,0.942000,0.033000,13.340000,-0.047700
La,57,EABF,3.000000,1.647000,0.899000,0.056000,13.340000,-0.078900
La,57,EABF,4.000000,1.513000,0.873000,0.073000,13.600000,-0.098900
La,57,EABF,5.000000,1.574000,0.797000,0.107000,13.960000,-0.129300
La,57,EABF,6.000000,1.518000,0.788000,0.115000,14.120000,-0.136100
La,57,EABF,8.000000,1.404000,0.924000,0.073000,14.620000,-0.088300
La,57,EABF,10.000000,1.422000,0.919000,0.089000,14.180000,-0.112100
La,57,EABF,15.000000,1.400000,1.096000,0.061000,13.990000,-0.093800
Gd,64,EBF,0.015000,1.001000,0.673000,0.069000,23.280000,0.017900
Gd,64,EBF,0.020000,1.003000,0.304000,0.321000,14.040000,-0.214400
Gd,64,EBF,0.030000,1.008000,0.380000,0.252000,14.050000,-0.159700
Gd,64,EBF,0.040000,1.017000,0.393000,0.238000,14.150000,-0.141200
Gd,64,EBF,0.050000,1.029000,0.419000,0.220000,13.780000,-0.128100
Gd,64,EBF,0.060000,2.651000,1.449000,0.076000,19.010000,-0.076200
Gd,64,EBF,0.080000,2.066000,0.621000,0.230000,16.010000,-0.199800
Gd,64,EBF,0.100000,1.607000,0.246000,-0.005000,19.620000,0.061200
Gd,64,EBF,0.150000,1.175000,0.182000,0.427000,13.110000,-0.264000
Gd,64,EBF,0.200000,1.160000,0.389000,0.232000,14.050000,-0.125600
Gd,64,EBF,0.300000,1.235000,0.576000,0.136000,14.600000,-0.077900
Gd,64,EBF,0.400000,1.328000,0.658000,0.104000,13.960000,-0.056900
Gd,64,EBF,0.500000,1.399000,0.749000,0.075000,14.070000,-0.044800
Gd,64,EBF,0.600000,1.450000,0.806000,0.058000,13.740000,-0.037900
Gd,64,EBF,0.800000,1.507000,0.875000,0.037000,13.710000,-0.027200
Gd,64,EBF,1.000000,1.533000,0.935000,0.022000,13.530000,-0.021800
Gd,64,EBF,1.500000,1.524000,1.009000,0.002000,13.000000,-0.012200
Gd,64,EBF,2.000000,1.496000,1.016000,0.007000,13.010000,-0.023700
Gd,64,EBF,3.000000,1.444000,1.038000,0.010000,13.330000,-0.036500
Gd,64,EBF,4.000000,1.392000,1.036000,0.020000,13.470000,-0.051000
Gd,64,EBF,5.000000,1.438000,0.967000,0.048000,13.800000,-0.074900
Gd,64,EBF,6.000000,1.443000,0.949000,0.059000,14.020000,-0.083500
Gd,64,EBF,8.000000,1.457000,0.995000,0.056000,14.080000,-0.079000
Gd,64,EBF,10.000000,1.503000,1.074000,0.046000,13.910000,-0.073800
Gd,64,EBF,15.000000,1.590000,1.269000,0.022000,13.680000,-0.056200
Gd,64,EABF,0.015000,1.001000,0.623000,0.099000,11.850000,-0.000000
Gd,64,EABF,0.020000,1.003000,0.304000,0.321000,14.040000,-0.214400
Gd,64,EABF,0.030000,1.008000,0.370000,0.262000,14.040000,-0.171800
Gd,64,EABF,0.040000,1.017000,0.393000,0.238000,14.150000,-0.141200
Gd,64,EABF,0.050000,1.030000,0.408000,0.228000,13.760000,-0.134600
Gd,64,EABF,0.060000,1.903000,1.408000,0.085000,18.320000,-0.098800
Gd,64,EABF,0.080000,1.739000,0.609000,0.235000,16.120000,-0.203300
Gd,64,EABF,0.100000,1.648000,0.242000,-0.006000,19.350000,0.059000
Gd,64,EABF,0.150000,1.433000,0.076000,0.629000,13.320000,-0.333600
Gd,64,EABF,0.200000,1.488000,0.148000,0.479000,13.910000,-0.260200
Gd,64,EABF,0.300000,1.664000,0.303000,0.316000,14.000000,-0.204400
Gd,64,EABF,0.400000,1.883000,0.408000,0.242000,13.700000,-0.157600
Gd,64,EABF,0.500000,2.022000,0.516000,0.186000,13.770000,-0.128200
Gd,64,EABF,0.600000,1.975000,0.625000,0.134000,13.800000,-0.094800
Gd,64,EABF,0.800000,2.054000,0.000000,0.101000,13.640000,-0.076300
Gd,64,EABF,1.000000,2.025000,0.790000,0.074000,14.550000,-0.062900
Gd,64,EABF,1.500000,1.899000,0.912000,0.033000,13.360000,-0.036000
Gd,64,EABF,2.000000,1.795000,0.889000,0.049000,13.340000,-0.058500
Gd,64,EABF,3.000000,1.625000,0.866000,0.068000,13.440000,-0.088700
Gd,64,EABF,4.000000,1.490000,0.854000,0.081000,13.710000,-0.105700
Gd,64,EABF,5.000000,1.616000,0.713000,0.145000,14.150000,-0.170800
Gd,64,EABF,6.000000,1.482000,0.828000,0.100000,14.260000,-0.117700
Gd,64,EABF,8.000000,1.466000,0.820000,0.116000,14.210000,-0.136200
Gd,64,EABF,10.000000,1.433000,0.938000,0.087000,14.140000,-0.111700
Gd,64,EABF,15.000000,1.415000,1.120000,0.060000,13.920000,-0.094900
W,74,EBF,0.015000,1.001000,0.277000,0.342000,19.180000,-0.335100
W,74,EBF,0.020000,1.002000,0.258000,0.394000,13.120000,-0.319200
W,74,EBF,0.030000,1.005000,0.408000,0.224000,14.860000,-0.129900
W,74,EBF,0.040000,1.000000,0.346000,0.279000,14.350000,-0.183200
W,74,EBF,0.050000,1.017000,0.432000,0.213000,13.800000,-0.125400
W,74,EBF,0.060000,1.026000,0.448000,0.203000,13.550000,-0.117800
W,74,EBF,0.080000,2.054000,1.649000,0.034000,12.020000,0.034800
W,74,EBF,0.100000,1.755000,0.894000,0.152000,16.070000,-0.127100
W,74,EBF,0.150000,1.257000,0.152000,0.335000,15.570000,-0.072200
W,74,EBF,0.200000,1.155000,0.253000,0.340000,13.680000,-0.190300
W,74,EBF,0.300000,1.169000,0.497000,0.162000,13.630000,-0.075700
W,74,EBF,0.400000,1.234000,0.611000,0.118000,14.190000,-0.060900
W,74,EBF,0.500000,1.294000,0.681000,0.094000,14.190000,-0.050200
W,74,EBF,0.600000,1.339000,0.743000,0.074000,14.080000,-0.041700
W,74,EBF,0.800000,1.405000,0.799000,0.057000,13.630000,-0.034000
W,74,EBF,1.000000,1.443000,0.849000,0.043000,13.540000,-0.028200
W,74,EBF,1.500000,1.456000,0.948000,0.016000,13.240000,-0.016800
W,74,EBF,2.000000,1.435000,0.985000,0.013000,13.240000,-0.023400
W,74,EBF,3.000000,1.392000,1.028000,0.012000,13.290000,-0.036200
W,74,EBF,4.000000,1.346000,1.039000,0.019000,13.730000,-0.047000
W,74,EBF,5.000000,1.365000,1.010000,0.035000,13.970000,-0.059700
W,74,EBF,6.000000,1.395000,0.953000,0.060000,14.150000,-0.082300
W,74,EBF,8.000000,1.416000,1.024000,0.050000,14.340000,-0.070700
W,74,EBF,10.000000,1.442000,1.156000,0.028000,14.050000,-0.053700
W,74,EBF,15.000000,1.544000,1.332000,0.013000,13.570000,-0.046400
W,74,EABF,0.015000,1.001000,0.277000,0.342000,19.180000,-0.335100
W,74,EABF,0.020000,1.002000,0.258000,0.394000,13.120000,-0.319200
W,74,EABF,0.030000,1.004000,0.554000,0.136000,15.360000,-0.067700
W,74,EABF,0.040000,1.011000,0.346000,0.279000,14.350000,-0.183200
W,74,EABF,0.050000,1.018000,0.407000,0.230000,13.800000,-0.138400
W,74,EABF,0.060000,1.029000,0.415000,0.224000,13.440000,-0.132500
W,74,EABF,0.080000,1.956000,1.461000,0.073000,27.210000,-0.158400
W,74,EABF,0.100000,1.809000,0.852000,0.164000,16.390000,-0.134800
W,74,EABF,0.150000,1.613000,0.124000,0.194000,8.360000,0.065900
W,74,EABF,0.200000,1.528000,0.073000,0.634000,13.970000,-0.299700
W,74,EABF,0.300000,1.563000,0.204000,0.395000,13.290000,-0.217900
W,74,EABF,0.400000,1.683000,0.327000,0.294000,13.680000,-0.185700
W,74,EABF,0.500000,1.802000,0.416000,0.237000,13.740000,-0.155000
W,74,EABF,0.600000,1.480000,0.768000,0.127000,14.270000,-0.144100
W,74,EABF,0.800000,1.910000,0.607000,0.139000,13.570000,-0.095200
W,74,EABF,1.000000,1.869000,0.689000,0.106000,13.540000,-0.076000
W,74,EABF,1.500000,1.840000,0.818000,0.061000,13.420000,-0.051200
W,74,EABF,2.000000,1.748000,0.827000,0.068000,13.390000,-0.069400
W,74,EABF,3.000000,1.582000,0.840000,0.076000,13.530000,-0.092200
W,74,EABF,4.000000,1.460000,0.828000,0.091000,13.780000,-0.112600
W,74,EABF,5.000000,1.509000,0.756000,0.126000,14.110000,-0.144100
W,74,EABF,6.000000,1.480000,0.768000,0.127000,14.270000,-0.144100
W,74,EABF,8.000000,1.431000,0.839000,0.112000,14.280000,-0.130400
W,74,EABF,10.000000,1.481000,0.844000,0.128000,14.120000,-0.162400
W,74,EABF,15.000000,1.396000,1.164000,0.054000,13.900000,-0.088500
Pb,82,EBF,0.015000,,,,,
Pb,82,EBF,0.020000,,,,,
Pb,82,EBF,0.030000,1.003000,0.396000,0.248000,14.560000,0.000000
Pb,82,EBF,0.040000,1.007000,0.438000,0.204000,14.260000,0.000000
Pb,82,EBF,0.050000,1.012000,0.405000,0.244000,14.180000,0.000000
Pb,82,EBF,0.060000,1.017000,0.487000,0.180000,13.370000,0.000000
Pb,82,EBF,0.080000,1.033000,0.523000,0.153000,13.300000,0.000000
Pb,82,EBF,0.100000,2.037000,1.432000,0.079000,18.370000,0.000000
Pb,82,EBF,0.150000,1.408000,0.362000,0.281000,21.460000,0.000000
Pb,82,EBF,0.200000,1.184000,0.190000,0.381000,13.270000,0.000000
Pb,82,EBF,0.300000,1.122000,0.533000,0.137000,13.690000,0.000000
Pb,82,EBF,0.400000,1.135000,0.670000,0.085000,19.560000,0.000000
Pb,82,EBF,0.500000,1.179000,0.725000,0.072000,14.890000,0.000000
Pb,82,EBF,0.600000,1.228000,0.744000,0.064000,14.470000,0.000000
Pb,82,EBF,0.800000,1.283000,0.800000,0.050000,15.200000,0.000000
Pb,82,EBF,1.000000,1.318000,0.860000,0.000000,16.490000,0.000000
Pb,82,EBF,1.500000,1.375000,0.891000,0.029000,13.290000,0.000000
Pb,82,EBF,2.000000,1.388000,0.939000,0.000000,13.330000,0.000000
Pb,82,EBF,3.000000,1.385000,0.960000,0.029000,13.480000,0.000000
Pb,82,EBF,4.000000,1.378000,0.954000,0.042000,14.040000,0.000000
Pb,82,EBF,5.000000,1.361000,0.956000,0.051000,13.950000,0.000000
Pb,82,EBF,6.000000,1.377000,0.941000,0.062000,14.140000,0.000000
Pb,82,EBF,8.000000,1.424000,0.968000,0.068000,13.980000,0.000000
Pb,82,EBF,10.000000,1.448000,1.121000,0.036000,13.980000,0.000000
Pb,82,EBF,15.000000,1.548000,1.287000,0.024000,13.500000,0.000000
Pb,82,EABF,0.015000,,,,,
Pb,82,EABF,0.020000,,,,,
Pb,82,EABF,0.030000,1.003000,0.506000,0.167000,14.210000,-0.095000
Pb,82,EABF,0.040000,1.007000,0.414000,0.227000,13.710000,-0.137000
Pb,82,EABF,0.050000,1.013000,0.368000,0.273000,13.990000,-0.000000
Pb,82,EABF,0.060000,1.020000,0.413000,0.226000,13.730000,-0.135300
Pb,82,EABF,0.080000,1.044000,0.403000,0.227000,13.240000,-0.131800
Pb,82,EABF,0.100000,2.014000,1.393000,0.083000,20.930000,-0.091200
Pb,82,EABF,0.150000,1.783000,0.318000,0.310000,26.450000,-0.123300
Pb,82,EABF,0.200000,1.588000,0.097000,0.441000,14.490000,-0.107600
Pb,82,EABF,0.300000,1.494000,0.183000,0.421000,12.800000,-0.248500
Pb,82,EABF,0.400000,1.237000,0.552000,0.134000,15.250000,-0.050400
Pb,82,EABF,0.500000,1.332000,0.590000,0.127000,14.620000,-0.057200
Pb,82,EABF,0.600000,1.424000,0.621000,0.113000,13.770000,-0.047800
Pb,82,EABF,0.800000,1.533000,0.682000,0.094000,14.430000,-0.045500
Pb,82,EABF,1.000000,1.589000,0.744000,0.076000,14.760000,-0.040600
Pb,82,EABF,1.500000,1.656000,0.778000,0.069000,13.610000,-0.045200
Pb,82,EABF,2.000000,1.670000,0.785000,0.079000,13.580000,-0.069600
Pb,82,EABF,3.000000,1.575000,0.778000,0.096000,13.780000,-0.103200
Pb,82,EABF,4.000000,1.612000,0.706000,0.137000,14.110000,-0.147100
Pb,82,EABF,5.000000,1.530000,0.722000,0.139000,14.190000,-0.152600
Pb,82,EABF,6.000000,1.497000,0.721000,0.145000,14.370000,-0.157800
Pb,82,EABF,8.000000,1.443000,0.808000,0.123000,14.300000,-0.138500
Pb,82,EABF,10.000000,1.424000,0.940000,0.090000,14.200000,-0.112100
Pb,82,EABF,15.000000,1.404000,1.124000,0.065000,13.910000,-0.099100
U,92,EBF,0.015000,,,,,
U,92,EBF,0.020000,,,,,
U,92,EBF,0.030000,1.003000,0.275000,0.355000,14.800000,0.000000
U,92,EBF,0.040000,1.005000,0.448000,0.191000,19.760000,0.000000
U,92,EBF,0.050000,1.008000,0.451000,0.199000,14.630000,0.000000
U,92,EBF,0.060000,1.012000,0.457000,0.198000,13.920000,0.000000
U,92,EBF,0.080000,1.021000,0.550000,0.139000,13.560000,0.000000
U,92,EBF,0.100000,1.053000,0.362000,0.270000,12.210000,0.000000
U,92,EBF,0.150000,1.606000,1.080000,0.112000,16.630000,-0.087500
U,92,EBF,0.200000,1.329000,0.369000,0.197000,14.100000,0.000000
U,92,EBF,0.300000,1.138000,0.358000,0.242000,13.010000,0.000000
U,92,EBF,0.400000,1.129000,0.556000,0.136000,14.890000,0.000000
U,92,EBF,0.500000,1.149000,0.660000,0.094000,14.550000,0.000000
U,92,EBF,0.600000,1.177000,0.724000,0.073000,13.340000,0.000000
U,92,EBF,0.800000,1.235000,0.746000,0.067000,13.790000,0.000000
U,92,EBF,1.000000,1.271000,0.796000,0.053000,15.450000,0.000000
U,92,EBF,1.500000,1.317000,0.849000,0.041000,12.500000,0.000000
U,92,EBF,2.000000,1.341000,0.911000,0.030000,13.960000,0.000000
U,92,EBF,3.000000,1.335000,0.948000,0.031000,13.630000,0.000000
U,92,EBF,4.000000,1.317000,0.963000,0.036000,14.070000,0.000000
U,92,EBF,5.000000,1.338000,0.889000,0.071000,14.100000,-0.083800
U,92,EBF,6.000000,1.335000,0.930000,0.062000,14.270000,0.000000
U,92,EBF,8.000000,1.376000,1.009000,0.050000,14.370000,-0.063300
U,92,EBF,10.000000,1.429000,1.111000,0.036000,14.050000,-0.056500
U,92,EBF,15.000000,1.526000,1.285000,0.022000,13.610000,0.000000
U,92,EABF,0.015000,,,,,
U,92,EABF,0.020000,,,,,
U,92,EABF,0.030000,1.003000,0.270000,0.357000,14.600000,0.000000
U,92,EABF,0.040000,1.005000,0.448000,0.191000,19.760000,0.000000
U,92,EABF,0.050000,1.009000,0.379000,0.255000,13.550000,0.000000
U,92,EABF,0.060000,1.013000,0.446000,0.202000,13.860000,0.000000
U,92,EABF,0.080000,1.028000,0.417000,0.220000,13.290000,0.000000
U,92,EABF,0.100000,1.076000,0.248000,0.367000,13.010000,0.000000
U,92,EABF,0.150000,1.858000,1.007000,0.129000,17.250000,0.000000
U,92,EABF,0.200000,1.759000,0.336000,0.183000,15.970000,0.000000
U,92,EABF,0.300000,1.539000,0.121000,0.494000,13.050000,0.000000
U,92,EABF,0.400000,1.474000,0.217000,0.392000,13.470000,0.000000
U,92,EABF,0.500000,1.469000,0.346000,0.274000,13.500000,0.000000
U,92,EABF,0.600000,1.487000,0.450000,0.209000,13.340000,0.000000
U,92,EABF,0.800000,1.558000,0.547000,-0.155000,13.520000,0.000000
U,92,EABF,1.000000,1.578000,0.641000,0.114000,14.320000,0.000000
U,92,EABF,1.500000,1.639000,0.680000,0.107000,13.230000,0.000000
U,92,EABF,2.000000,1.674000,0.698000,0.113000,13.580000,0.000000
U,92,EABF,3.000000,1.624000,0.681000,0.135000,13.810000,0.000000
U,92,EABF,4.000000,1.554000,0.677000,0.147000,14.110000,0.000000
U,92,EABF,5.000000,1.506000,0.669000,0.159000,14.380000,0.000000
U,92,EABF,6.000000,1.479000,0.677000,0.161000,14.460000,0.000000
U,92,EABF,8.000000,1.449000,0.783000,0.129000,14.390000,0.000000
U,92,EABF,10.000000,1.435000,0.915000,0.096000,14.230000,0.000000
U,92,EABF,15.000000,1.411000,1.096000,0.071000,13.880000,0.000000
