element,z,fnrcs_mass_cm2_g
He,2,0.1135
Li,3,0.084
Be,4,0.0678
B,5,0.0575
C,6,0.0502
N,7,0.0448
O,8,0.0405
F,9,0.0361
Ne,10,0.034
Na,11,0.0322
Mg,12,0.0307
Al,13,0.0293
Si,14,0.0281
P,15,0.0271
S,16,0.0261
Cl,17,0.0252
Ar,18,0.0244
K,19,0.0237
Ca,20,0.023
Sc,21,0.0224
Ti,22,0.0218
V,23,0.0213
Cr,24,0.0208
Mn,25,0.0203
Fe,26,0.0198
Co,27,0.0194
Ni,28,0.019
Cu,29,0.0186
Zn,30,0.0183
Ga,31,0.018
Ge,32,0.0176
As,33,0.0173
Se,34,0.017
Br,35,0.0168
Kr,36,0.0165
Rb,37,0.0163
Sr,38,0.016
Y,39,0.0158
Zr,40,0.0156
Nb,41,0.0153
Mo,42,0.0151
Ru,44,0.0147
Rh,45,0.0145
Pd,46,0.0144
Ag,47,0.0142
Cd,48,0.014
In,49,0.0139
Sn,50,0.0137
Sb,51,0.0136
Te,52,0.0134
I,53,0.0133
Xe,54,0.0131
Cs,55,0.013
Ba,56,0.0129
La,57,0.0127
Ce,58,0.0126
Pr,59,0.0125
Nd,60,0.0124
Sm,62,0.0121
Eu,63,0.012
Gd,64,0.0119
Tb,65,0.0118
Dy,66,0.0117
Ho,67,0.0116
Er,68,0.0115
Tm,69,0.0114
Yb,70,0.0113
Lu,71,0.0112
Hf,72,0.0112
Ta,73,0.0111
W,74,0.011
Re,75,0.0109
Os,76,0.0108
Ir,77,0.0107
Pt,78,0.0107
Au,79,0.0106
Hg,80,0.0105
Tl,81,0.0104
Pb,82,0.0104
Bi,83,0.0103
Ra,88,0.01
Th,90,0.0098
U,92,0.0097
